gender,age,attendance,avg_score_10,gpa_4,credits_earned,failures,study_time_hours_per_week,absences,part_time_job,family_income,internet,extracurricular,parent_education,scholarship,housing,commute_time_min,semesters_completed,mental_health_score,graduated
Female,18,71.0,6.42,2.63,94,0,5.7,4,No,Low,Yes,No,Secondary,No,With_Family,34,9,79,1
Male,22,76.8,8.34,3.35,91,0,15.3,6,Yes,Medium,Yes,No,Bachelor,Yes,With_Family,27,4,38,1
Female,21,84.2,7.34,2.9,81,1,21.5,4,No,Low,No,Yes,Bachelor,No,Rent,13,8,61,1
Female,22,85.8,4.53,1.87,104,0,6.6,7,Yes,Low,Yes,No,Primary,No,Rent,22,10,61,1
Male,22,73.7,5.99,2.56,106,0,12.6,6,No,Medium,Yes,Yes,Primary,Yes,With_Family,2,7,48,1
Female,19,100.0,4.75,2.01,86,1,9.9,5,Yes,Medium,Yes,No,Secondary,No,Rent,22,8,67,1
Female,19,85.1,4.46,1.7,96,1,8.5,6,No,High,Yes,No,Bachelor,No,With_Family,25,12,82,1
Female,22,86.4,7.18,3.12,154,0,22.7,5,Yes,Medium,Yes,Yes,Bachelor,No,Dorm,52,9,73,1
Male,20,100.0,7.84,3.27,153,2,7.2,8,Yes,Medium,Yes,Yes,Bachelor,No,Dorm,45,4,80,1
Male,18,74.6,7.66,3.14,74,1,16.7,5,No,Medium,Yes,No,Secondary,No,Rent,9,5,49,1
Male,22,78.9,7.9,3.18,77,1,10.9,5,Yes,Medium,Yes,Yes,Secondary,No,Dorm,28,7,61,1
Female,19,65.0,6.98,2.89,74,2,8.9,5,Yes,Medium,Yes,No,Secondary,No,With_Family,28,6,49,1
Female,22,77.9,6.59,2.27,126,0,17.9,8,No,Medium,Yes,No,Secondary,Yes,Dorm,22,8,64,0
Female,24,62.1,5.39,2.2,90,0,10.4,3,Yes,High,Yes,No,Bachelor,No,With_Family,22,7,65,1
Male,21,89.0,6.34,2.86,106,1,8.6,6,No,Medium,Yes,Yes,Primary,Yes,Dorm,20,10,74,1
Male,23,85.0,5.02,2.05,150,1,17.9,4,No,Low,Yes,No,Secondary,Yes,With_Family,53,6,80,1
Female,21,76.7,5.73,2.31,100,1,16.8,9,Yes,Medium,Yes,No,Secondary,No,Rent,19,8,70,1
Male,24,78.8,7.13,2.73,118,1,16.4,5,No,High,Yes,Yes,Secondary,No,Dorm,30,8,47,1
Female,19,89.1,6.82,2.83,113,0,1.3,7,Yes,Low,Yes,Yes,Bachelor,No,Dorm,0,9,40,1
Female,21,66.4,10.0,3.96,85,0,11.2,7,No,Medium,Yes,Yes,Secondary,No,Rent,37,8,68,1
Female,22,82.5,4.98,2.25,126,1,10.0,11,Yes,High,Yes,Yes,Graduate,No,With_Family,43,3,83,1
Male,21,88.4,6.81,2.55,79,0,8.8,4,Yes,Medium,Yes,No,Bachelor,No,With_Family,9,8,60,1
Female,23,58.6,4.86,1.85,133,3,12.2,3,Yes,High,Yes,Yes,Bachelor,Yes,Dorm,17,8,37,1
Female,20,88.2,6.42,2.45,85,1,10.3,4,No,Medium,Yes,No,Bachelor,No,Rent,32,10,91,1
Female,25,59.9,6.48,2.96,88,2,12.6,4,No,Medium,Yes,Yes,Bachelor,No,Dorm,25,9,67,1
Male,25,78.6,8.27,3.27,73,0,7.9,2,No,Medium,Yes,Yes,Bachelor,No,Rent,32,8,63,1
Male,22,66.0,6.33,2.42,77,2,19.0,3,No,High,Yes,Yes,Secondary,No,Rent,21,9,42,1
Male,22,97.2,6.71,2.27,89,1,13.3,11,No,Medium,Yes,No,Secondary,Yes,Dorm,53,11,60,1
Male,23,66.1,6.35,2.36,39,2,11.8,6,No,Medium,Yes,No,Secondary,No,Rent,15,10,70,1
Female,19,60.2,4.9,2.07,94,2,11.5,5,No,Medium,Yes,Yes,Primary,No,With_Family,65,9,68,1
Female,18,81.6,6.02,2.51,87,1,16.1,3,No,Medium,Yes,No,Primary,No,Dorm,44,12,50,1
Female,24,75.0,6.43,2.44,120,1,15.0,7,Yes,Medium,Yes,Yes,Bachelor,No,Dorm,37,7,59,1
Male,22,61.9,7.11,2.72,111,0,8.5,7,No,Medium,Yes,Yes,Primary,Yes,Dorm,9,6,51,1
Male,21,86.3,7.84,3.51,82,1,14.8,5,No,High,Yes,Yes,Secondary,Yes,Dorm,39,8,85,0
Male,21,56.1,6.65,3.2,89,3,9.8,5,Yes,Medium,Yes,No,Bachelor,No,Dorm,34,7,73,1
Male,18,67.6,6.62,2.88,94,0,23.5,2,Yes,Medium,Yes,No,Primary,No,Rent,0,3,52,1
Male,21,73.1,4.42,2.08,137,2,15.6,2,Yes,Medium,No,No,Bachelor,No,Dorm,4,7,42,1
Male,19,89.6,7.81,3.48,79,1,6.6,7,No,Medium,Yes,Yes,Primary,No,With_Family,30,9,64,1
Male,23,95.5,5.96,2.83,82,1,28.9,6,Yes,Medium,Yes,Yes,Bachelor,No,With_Family,23,8,53,1
Female,23,93.2,8.12,3.19,72,1,3.1,5,No,Low,Yes,No,Bachelor,No,With_Family,17,6,54,0
Male,22,78.2,8.97,3.41,63,0,12.4,11,No,Low,Yes,Yes,Secondary,No,With_Family,41,8,43,1
Female,22,50.9,6.72,3.05,108,2,6.4,6,No,Medium,Yes,No,Primary,Yes,Dorm,12,8,45,1
Female,18,84.7,5.47,2.0,105,1,23.1,5,Yes,Medium,Yes,No,Secondary,No,Dorm,18,9,62,1
Male,22,97.6,6.97,2.58,132,1,10.2,5,No,Medium,No,Yes,Secondary,No,Dorm,15,7,56,1
Female,22,94.8,7.52,2.81,126,2,6.1,6,No,Low,No,No,Secondary,No,With_Family,33,10,97,1
Female,23,85.6,6.53,2.59,160,2,7.9,7,Yes,Medium,Yes,No,Graduate,No,With_Family,0,6,69,1
Male,25,65.7,6.15,2.06,98,1,6.3,6,Yes,Low,Yes,Yes,Secondary,No,Rent,18,7,43,1
Male,18,73.7,7.85,2.85,93,3,7.7,8,Yes,Medium,Yes,No,Bachelor,Yes,Dorm,0,11,37,1
Female,20,100.0,7.75,2.98,67,1,7.6,2,Yes,High,Yes,No,Primary,No,Rent,20,6,66,1
Male,20,63.0,6.48,2.35,117,0,6.2,3,No,Low,Yes,Yes,Graduate,No,Dorm,36,7,54,1
Male,21,66.2,4.52,2.02,103,0,10.3,8,No,Medium,No,No,Secondary,No,With_Family,36,5,80,1
Male,21,91.3,7.68,3.07,116,0,10.9,8,No,Low,Yes,Yes,Secondary,No,Dorm,14,6,64,1
Female,21,74.8,5.85,2.46,72,1,5.5,9,No,Low,Yes,No,Secondary,No,Rent,33,8,30,1
Female,23,65.8,7.32,3.02,109,0,3.9,9,No,Low,Yes,No,Primary,No,Rent,22,9,45,1
Female,19,98.3,7.23,2.85,105,1,10.5,3,No,Low,Yes,No,Bachelor,Yes,Dorm,45,8,50,1
Female,19,85.5,4.17,1.87,103,0,11.7,3,No,Medium,Yes,Yes,Secondary,Yes,Rent,23,7,67,1
Male,19,75.4,7.12,2.94,83,0,13.0,7,Yes,High,No,No,Secondary,Yes,With_Family,0,6,44,1
Female,20,66.3,7.77,3.04,130,0,11.9,3,No,Low,Yes,Yes,Secondary,No,Dorm,38,7,62,1
Male,19,100.0,7.96,2.85,151,2,19.8,4,Yes,Medium,Yes,Yes,Bachelor,No,Rent,18,5,40,1
Male,21,79.7,7.18,2.98,72,3,14.8,7,No,Medium,Yes,Yes,Primary,No,Rent,21,9,60,1
Female,21,96.8,4.03,1.36,118,1,34.4,7,No,High,No,No,Primary,No,Dorm,30,10,66,1
Male,19,90.7,8.92,3.64,28,0,40.0,5,No,Medium,Yes,Yes,Primary,No,Dorm,4,8,82,1
Female,23,73.7,7.62,3.06,117,0,3.7,7,Yes,Low,Yes,Yes,Secondary,No,Dorm,26,9,64,1
Female,21,73.8,5.2,1.81,53,0,3.0,4,No,Medium,Yes,No,Primary,No,Dorm,33,10,48,1
Female,23,97.4,5.82,2.38,87,1,9.0,8,Yes,Medium,Yes,Yes,Graduate,No,Rent,30,8,82,1
Female,21,97.6,7.35,2.98,67,2,11.6,4,No,High,No,Yes,Secondary,No,With_Family,16,11,57,1
Female,21,57.5,8.02,3.25,95,0,8.7,7,Yes,Medium,Yes,Yes,Bachelor,No,With_Family,40,6,72,1
Male,20,86.6,6.27,2.54,121,1,12.8,11,No,Medium,No,Yes,Secondary,No,With_Family,10,7,51,1
Male,21,78.5,8.24,3.17,54,3,7.9,4,No,Low,Yes,No,Secondary,No,Rent,16,7,61,1
Male,22,67.6,4.31,1.84,91,2,6.4,6,Yes,Medium,Yes,Yes,Secondary,Yes,With_Family,23,9,48,1
Male,20,83.1,5.44,2.04,87,0,6.9,7,Yes,High,Yes,Yes,Secondary,No,With_Family,29,5,65,1
Male,22,63.8,3.9,1.35,140,0,8.1,5,No,Medium,Yes,No,Secondary,Yes,Dorm,20,11,72,1
Female,19,74.4,5.65,2.39,111,2,13.7,4,No,Medium,Yes,No,Secondary,Yes,Dorm,43,9,53,1
Male,23,70.4,9.26,3.89,71,2,7.1,2,Yes,High,Yes,No,Secondary,No,Rent,29,12,52,1
Male,20,74.0,10.0,4.0,88,0,7.8,4,Yes,High,Yes,No,Graduate,No,With_Family,26,8,65,1
Male,23,79.1,7.35,2.9,139,3,12.0,6,No,Medium,Yes,No,Secondary,No,Rent,29,7,48,1
Male,21,67.8,6.04,2.03,118,3,8.1,6,No,Medium,No,Yes,Secondary,No,Dorm,36,9,37,0
Female,24,98.9,6.67,2.96,77,2,15.7,6,No,Medium,Yes,No,Primary,No,With_Family,29,10,65,1
Female,19,85.9,7.71,2.69,93,1,5.7,6,Yes,Medium,Yes,No,Secondary,Yes,Dorm,0,7,58,1
Female,18,100.0,4.66,1.98,94,2,5.1,7,No,Medium,Yes,Yes,Bachelor,No,With_Family,41,4,58,0
Female,20,78.1,6.14,2.88,87,0,10.5,7,Yes,Low,Yes,Yes,Primary,No,With_Family,27,4,68,1
Male,18,73.4,9.15,3.69,57,0,11.0,2,Yes,High,Yes,Yes,Secondary,Yes,With_Family,35,9,70,1
Female,18,100.0,5.43,2.23,83,1,5.8,7,No,High,Yes,No,Secondary,No,With_Family,19,11,58,1
Male,22,73.1,5.88,2.43,135,0,17.6,4,Yes,High,Yes,No,Primary,Yes,Dorm,0,5,43,1
Male,21,77.9,7.02,2.85,90,2,23.6,12,No,High,Yes,No,Graduate,Yes,Rent,0,7,50,1
Male,20,88.6,7.42,3.44,97,0,6.6,5,No,Medium,Yes,Yes,Secondary,No,With_Family,11,7,69,1
Female,20,65.1,6.06,2.26,104,1,18.9,5,No,Medium,Yes,Yes,Bachelor,No,With_Family,33,12,62,1
Male,20,88.5,7.12,2.65,155,1,2.7,3,No,Medium,Yes,Yes,Secondary,No,Dorm,44,12,52,1
Male,24,87.0,7.91,3.1,100,0,15.4,5,Yes,Medium,Yes,Yes,Graduate,No,Dorm,30,9,48,1
Male,20,95.2,9.94,4.0,127,1,5.9,6,Yes,Medium,Yes,No,Secondary,No,Dorm,9,10,69,1
Male,18,90.7,6.81,2.61,85,1,14.7,6,Yes,Low,Yes,No,Secondary,Yes,Rent,13,10,57,1
Female,23,95.6,6.94,2.86,94,0,5.6,3,No,Medium,Yes,No,Bachelor,Yes,Rent,45,5,71,1
Male,21,78.7,9.29,3.93,100,0,8.7,6,No,Low,Yes,No,Secondary,No,With_Family,5,9,73,1
Male,25,69.6,6.18,2.63,81,1,6.0,8,Yes,Low,Yes,No,Secondary,No,With_Family,57,6,55,0
Male,20,100.0,5.01,2.21,95,0,8.1,10,Yes,Medium,No,Yes,Graduate,No,With_Family,53,8,74,1
Female,23,61.7,7.38,3.24,122,0,22.5,7,Yes,Medium,Yes,Yes,Secondary,No,Dorm,57,10,62,1
Male,23,62.9,8.61,3.51,80,1,8.5,5,No,Low,Yes,Yes,Bachelor,Yes,Rent,31,8,64,1
Male,20,86.8,7.54,2.92,100,2,25.9,6,No,High,Yes,Yes,Bachelor,No,Dorm,20,10,27,1
Male,20,99.5,6.85,2.77,118,1,7.4,7,No,High,Yes,Yes,Bachelor,No,Dorm,30,11,45,1
Female,22,82.3,4.83,1.86,79,2,19.0,2,No,Low,Yes,Yes,Bachelor,Yes,Dorm,39,4,46,1
Female,22,92.0,6.91,3.27,127,1,4.0,2,Yes,Low,Yes,No,Secondary,No,Dorm,15,4,55,1
Female,18,56.1,8.85,3.43,102,3,7.8,4,No,Medium,Yes,Yes,Secondary,No,Dorm,8,10,62,1
Male,19,74.0,5.15,2.16,96,2,6.9,5,No,Medium,Yes,No,Primary,No,Rent,21,10,62,1
Female,18,57.5,6.63,2.35,50,2,19.4,2,Yes,High,No,No,Bachelor,No,Dorm,13,9,64,0
Female,22,89.4,6.42,2.59,91,1,9.9,10,No,Low,Yes,No,Bachelor,No,Dorm,44,9,50,0
Female,20,61.4,5.95,2.32,109,0,3.2,3,Yes,Medium,Yes,No,Secondary,No,Dorm,16,10,70,1
Male,21,64.7,7.37,3.08,144,0,4.7,7,No,Low,Yes,Yes,Primary,No,Rent,26,10,87,1
Male,18,86.2,7.66,3.2,114,0,5.4,5,No,Medium,No,No,Secondary,Yes,Rent,40,7,55,1
Male,19,92.7,7.65,3.34,128,2,14.4,5,No,High,Yes,Yes,Secondary,No,Dorm,44,10,50,1
Female,20,78.1,5.53,2.48,70,1,13.5,8,No,Low,Yes,No,Bachelor,No,Dorm,28,7,50,1
Male,20,86.8,4.53,1.8,97,0,7.7,6,Yes,Low,Yes,Yes,Primary,Yes,With_Family,31,8,61,1
Male,21,86.5,7.39,2.77,131,2,6.8,8,No,Medium,Yes,Yes,Bachelor,No,Rent,10,8,52,1
Male,22,77.4,6.24,2.33,78,2,12.9,7,No,Medium,Yes,No,Bachelor,No,With_Family,40,6,34,1
Female,26,66.9,9.76,3.96,124,1,5.1,11,No,High,Yes,No,Graduate,No,Rent,44,7,38,1
Male,21,86.8,9.83,3.96,118,0,11.3,4,No,High,Yes,Yes,Primary,No,With_Family,0,12,75,1
Female,23,87.4,9.99,4.0,107,2,10.8,9,Yes,Low,No,No,Graduate,No,With_Family,51,6,79,1
Female,19,90.7,5.59,2.13,92,2,7.8,8,No,Low,Yes,Yes,Bachelor,No,Rent,14,9,84,1
Female,18,83.7,7.85,3.43,75,0,11.0,7,No,Medium,Yes,No,Bachelor,Yes,With_Family,34,9,63,1
Male,20,66.0,8.31,3.03,144,0,9.5,3,Yes,Low,Yes,Yes,Primary,No,Dorm,26,8,45,1
Female,18,88.3,8.14,3.14,116,1,11.5,3,No,High,Yes,Yes,Secondary,Yes,With_Family,24,9,53,1
Female,21,80.0,6.47,2.37,109,1,4.6,6,No,Medium,Yes,Yes,Bachelor,Yes,Rent,22,9,38,1
Female,19,74.2,8.92,3.53,90,0,12.2,5,No,Low,Yes,Yes,Secondary,No,Dorm,10,6,37,1
Male,18,76.5,7.0,3.05,101,1,15.0,1,No,High,Yes,Yes,Secondary,No,With_Family,33,9,64,1
Male,24,71.7,7.19,2.82,104,2,10.6,8,Yes,Low,Yes,Yes,Secondary,No,With_Family,21,7,68,0
Male,20,90.7,4.69,1.9,110,0,12.2,5,No,Medium,Yes,Yes,Secondary,Yes,Dorm,5,11,89,1
Male,18,63.0,7.97,3.32,118,1,8.5,8,Yes,Medium,Yes,Yes,Primary,No,With_Family,9,9,59,1
Male,23,68.1,6.61,2.58,80,2,14.1,1,No,Medium,Yes,Yes,Secondary,No,Dorm,6,7,40,1
Male,20,76.1,7.7,3.16,63,2,9.3,6,No,Medium,Yes,Yes,Secondary,Yes,Rent,17,9,58,1
Male,23,99.4,7.35,2.99,102,2,5.1,8,No,Medium,Yes,No,Graduate,No,With_Family,32,6,56,0
Female,20,92.7,7.27,2.68,56,0,13.6,5,No,High,Yes,No,Graduate,Yes,Dorm,14,9,53,1
Male,20,60.3,6.93,2.68,92,0,4.0,9,No,High,Yes,Yes,Secondary,No,Rent,40,8,65,1
Female,22,96.2,8.18,3.34,87,1,10.4,4,No,Medium,Yes,No,Primary,No,With_Family,23,6,42,1
Female,22,96.2,6.7,2.94,112,2,7.4,4,No,Low,No,Yes,Secondary,No,Dorm,21,6,62,1
Male,23,65.9,4.82,2.18,150,1,7.2,6,No,Medium,No,Yes,Secondary,No,Rent,25,12,70,1
Female,21,49.7,7.85,3.56,51,2,9.8,7,No,High,Yes,No,Bachelor,No,Dorm,46,8,81,1
Male,22,79.1,5.79,2.41,157,2,6.3,7,Yes,Medium,Yes,No,Secondary,No,With_Family,4,7,65,1
Female,22,93.5,5.01,1.92,94,1,11.6,4,No,Medium,Yes,No,Primary,No,Dorm,50,7,76,1
Male,21,99.1,5.47,2.18,109,4,9.3,15,No,Medium,Yes,Yes,Primary,No,Dorm,39,9,53,0
Female,21,69.6,7.42,2.95,65,1,6.6,6,No,Low,Yes,No,Secondary,No,With_Family,25,7,55,1
Male,18,100.0,6.86,2.66,125,1,17.6,7,No,Medium,Yes,Yes,Bachelor,No,Dorm,43,6,80,1
Male,22,53.3,3.8,1.6,101,0,10.0,13,Yes,Medium,Yes,Yes,Bachelor,No,Rent,20,8,39,0
Male,21,75.6,6.42,2.65,98,0,12.3,7,No,Medium,Yes,Yes,Secondary,No,With_Family,29,8,54,1
Female,20,75.0,8.75,3.27,52,0,18.3,4,Yes,High,Yes,No,Secondary,Yes,With_Family,17,7,77,1
Female,24,93.8,6.32,2.75,102,0,18.1,3,Yes,High,Yes,Yes,Graduate,No,Dorm,39,6,57,1
Male,18,95.6,6.75,2.33,121,0,12.0,6,No,Medium,Yes,No,Secondary,No,With_Family,14,7,56,1
Male,24,91.5,8.56,3.38,94,2,7.7,1,Yes,Medium,No,No,Bachelor,No,With_Family,24,7,56,1
Male,21,63.8,8.19,3.51,129,1,4.4,5,Yes,Medium,Yes,No,Bachelor,No,Dorm,35,7,62,1
Female,22,90.4,8.53,3.53,128,1,10.0,7,No,High,No,No,Secondary,No,With_Family,41,9,76,1
Male,20,86.1,2.84,1.06,84,1,15.6,5,No,Medium,Yes,No,Bachelor,No,With_Family,13,12,74,1
Male,18,59.9,9.6,4.0,140,0,10.7,7,No,High,Yes,Yes,Secondary,No,Rent,36,11,60,1
Female,21,55.2,7.95,3.09,101,2,1.6,6,Yes,Low,Yes,Yes,Bachelor,No,Rent,10,12,76,1
Female,22,92.5,10.0,3.6,101,0,13.9,7,No,High,Yes,No,Primary,No,With_Family,0,7,65,1
Male,22,77.8,5.83,2.42,102,2,14.3,7,No,Low,Yes,Yes,Secondary,No,With_Family,14,11,73,1
Female,21,64.6,4.35,1.38,102,0,7.7,7,No,Low,Yes,Yes,Secondary,No,Rent,38,8,45,0
Male,18,77.5,7.01,2.64,34,1,14.8,3,No,Medium,Yes,Yes,Primary,No,With_Family,25,10,86,0
Female,18,84.4,6.59,2.76,95,1,12.3,5,Yes,Low,Yes,Yes,Primary,Yes,With_Family,17,9,63,1
Male,25,79.0,7.98,3.1,66,2,6.4,7,No,Low,Yes,Yes,Secondary,No,With_Family,26,7,20,1
Female,19,61.4,8.61,3.56,141,1,17.0,6,Yes,Low,Yes,Yes,Secondary,Yes,With_Family,25,9,85,1
Female,24,100.0,6.87,2.52,140,2,4.8,7,No,Medium,Yes,No,Secondary,Yes,Dorm,34,9,60,1
Female,19,92.1,6.64,2.83,121,0,8.7,4,Yes,Medium,Yes,Yes,Secondary,No,Dorm,1,4,54,1
Male,21,76.0,7.78,2.77,94,2,8.3,6,No,Low,Yes,No,Graduate,No,Rent,23,8,51,1
Female,22,76.5,6.62,2.91,75,5,6.0,7,Yes,Medium,Yes,No,Graduate,No,Rent,27,10,67,0
Male,19,84.3,6.49,2.5,84,1,10.5,8,No,High,Yes,Yes,Primary,No,Rent,5,9,47,1
Male,24,66.4,8.56,3.73,149,0,17.3,0,Yes,Low,Yes,No,Secondary,No,With_Family,4,9,51,1
Female,21,83.9,8.89,3.39,83,0,16.8,3,No,Low,Yes,No,Bachelor,No,With_Family,20,6,52,1
Male,22,64.0,8.63,3.84,41,1,12.9,10,Yes,High,Yes,No,Bachelor,No,Rent,25,9,56,1
Female,20,79.2,6.75,2.51,126,0,3.9,7,Yes,High,Yes,Yes,Secondary,No,With_Family,25,8,52,0
Female,22,66.0,3.79,1.16,138,0,4.6,5,No,Medium,Yes,Yes,Bachelor,No,Dorm,17,8,73,1
Male,24,66.6,6.78,2.72,141,3,9.8,5,No,High,Yes,Yes,Primary,No,Rent,16,7,64,0
Female,21,99.7,5.86,2.59,126,0,8.8,5,No,Low,Yes,No,Secondary,No,Dorm,19,10,66,1
Male,24,80.7,6.81,2.88,130,1,7.0,4,No,Medium,Yes,No,Bachelor,No,Rent,29,9,69,1
Male,20,82.5,5.99,2.63,101,2,23.3,6,No,Medium,Yes,No,Bachelor,No,Rent,44,8,59,1
Male,23,55.9,6.97,2.95,48,0,9.5,4,No,Low,Yes,No,Bachelor,No,With_Family,0,12,45,1
Female,22,72.8,5.44,2.01,101,0,11.8,7,Yes,Medium,Yes,No,Primary,No,Rent,34,9,87,0
Male,19,85.5,5.08,2.19,116,1,14.7,6,No,Medium,Yes,No,Primary,No,Rent,23,10,74,1
Male,21,82.3,8.83,3.55,97,2,9.3,5,No,Medium,Yes,Yes,Primary,No,Dorm,33,9,84,1
Male,21,54.2,5.55,2.08,95,0,32.9,6,No,Medium,Yes,No,Primary,No,Dorm,43,7,76,1
Female,19,82.5,7.0,2.84,76,1,5.6,5,No,Medium,Yes,Yes,Primary,No,With_Family,14,6,53,1
Female,22,84.4,8.43,3.36,75,2,6.6,12,No,Low,Yes,Yes,Secondary,No,With_Family,39,8,25,1
Female,21,95.4,8.37,3.63,146,1,5.6,9,No,Low,No,Yes,Secondary,No,Dorm,6,3,42,1
Female,21,72.1,8.19,3.17,147,3,19.7,5,No,Medium,Yes,No,Bachelor,Yes,Dorm,27,9,70,1
Female,21,53.1,7.45,2.87,100,1,13.4,8,Yes,Low,No,Yes,Secondary,No,Rent,21,9,58,1
Male,21,68.0,8.09,3.1,107,1,6.9,3,No,Low,Yes,Yes,Primary,No,With_Family,26,8,54,1
Male,20,66.8,9.06,4.0,75,0,5.8,6,No,Low,Yes,Yes,Bachelor,No,Rent,10,8,23,1
Female,21,88.8,7.64,2.93,116,1,18.0,9,No,Low,Yes,Yes,Primary,No,Dorm,32,5,60,1
Female,20,47.4,4.24,1.96,144,0,10.8,4,No,High,Yes,Yes,Bachelor,No,Rent,49,11,44,1
Male,26,74.6,6.21,2.28,62,0,18.2,8,Yes,Medium,Yes,No,Primary,No,Dorm,10,7,49,1
Male,18,97.1,8.04,3.32,112,2,8.7,3,Yes,High,Yes,No,Secondary,No,Dorm,28,6,73,1
Female,20,80.1,6.06,2.48,113,0,11.6,6,Yes,Low,Yes,Yes,Bachelor,No,Dorm,38,9,45,1
Male,20,90.8,9.43,4.0,113,0,10.5,8,No,Medium,No,Yes,Secondary,No,With_Family,21,8,46,1
Female,25,60.3,6.91,2.98,141,0,6.6,8,Yes,Medium,Yes,Yes,Bachelor,No,Rent,45,7,63,1
Male,18,60.8,7.13,2.87,151,1,8.4,6,No,Medium,Yes,Yes,Bachelor,Yes,Dorm,19,7,73,1
Male,22,97.2,8.69,3.37,94,0,5.0,10,No,High,Yes,No,Primary,No,Rent,23,8,54,0
Female,21,81.2,6.73,3.02,117,0,11.5,5,No,High,Yes,No,Bachelor,No,Rent,10,11,82,1
Male,22,81.2,7.26,2.78,102,2,13.2,2,Yes,High,Yes,No,Bachelor,Yes,With_Family,27,9,41,0
Male,23,66.6,8.35,2.89,84,2,14.8,8,No,Low,Yes,Yes,Graduate,No,With_Family,25,8,38,0
Female,23,81.2,4.79,1.54,107,2,12.6,7,Yes,Low,Yes,No,Secondary,No,Dorm,35,10,37,1
Female,20,66.2,6.57,2.3,117,2,8.4,5,No,Medium,Yes,Yes,Secondary,Yes,With_Family,15,8,35,1
Male,21,94.2,8.24,3.42,105,0,19.6,8,Yes,Low,Yes,Yes,Bachelor,No,With_Family,15,9,65,1
Male,18,100.0,7.1,3.28,78,2,14.1,6,Yes,Medium,Yes,No,Secondary,No,With_Family,32,8,45,1
Female,21,85.8,9.2,3.27,88,0,18.0,10,Yes,Medium,Yes,No,Secondary,No,Rent,46,9,39,1
Female,19,72.4,4.64,1.7,89,0,18.6,10,No,Medium,No,No,Primary,No,Dorm,34,7,66,1
Male,21,49.6,4.46,1.8,79,2,8.5,7,Yes,High,Yes,No,Primary,No,Dorm,53,6,72,1
Male,18,59.8,8.15,3.57,108,2,10.9,6,No,Medium,Yes,No,Secondary,No,With_Family,33,10,76,1
Male,22,98.7,8.3,3.16,110,0,13.3,4,No,Low,Yes,No,Primary,Yes,Rent,33,11,73,1
Male,18,67.6,6.71,2.8,124,0,5.1,7,No,Low,Yes,Yes,Primary,No,Rent,35,6,46,1
Male,21,75.5,7.6,2.99,79,1,5.1,5,Yes,Medium,Yes,Yes,Primary,No,Rent,47,8,64,1
Female,19,87.9,8.12,3.77,86,0,4.7,2,Yes,Medium,Yes,Yes,Graduate,No,Dorm,44,7,67,1
Male,19,97.8,5.78,2.34,139,2,8.5,4,No,Low,Yes,Yes,Primary,Yes,Dorm,9,10,53,1
Male,23,77.6,5.94,2.45,96,1,7.6,5,Yes,Medium,Yes,Yes,Primary,No,Rent,37,8,62,1
Female,22,75.1,7.28,2.93,101,2,4.4,8,No,Medium,No,Yes,Secondary,Yes,Rent,29,12,41,1
Female,23,80.9,8.36,3.26,96,0,9.7,7,Yes,High,Yes,No,Secondary,No,With_Family,22,7,51,1
Male,24,72.5,5.25,2.29,128,0,8.6,2,No,Medium,Yes,No,Graduate,No,With_Family,0,11,66,1
Female,19,73.1,6.7,2.45,129,1,16.3,6,Yes,Medium,Yes,No,Graduate,No,Rent,2,11,83,1
Female,24,84.9,6.63,2.25,128,2,24.6,6,No,Low,No,Yes,Secondary,No,With_Family,20,9,77,1
Female,18,82.2,7.63,3.02,101,0,11.3,3,Yes,Medium,Yes,No,Secondary,No,Dorm,3,8,70,1
Male,22,100.0,6.99,2.96,78,0,6.4,4,No,Medium,Yes,Yes,Secondary,No,With_Family,20,8,61,1
Male,20,85.3,6.18,2.36,148,1,12.4,9,Yes,Medium,No,Yes,Primary,No,With_Family,36,8,59,1
Female,19,93.8,8.87,3.59,121,1,9.0,5,No,Medium,No,Yes,Secondary,No,Dorm,16,10,38,1
Male,22,67.1,6.19,2.23,89,1,8.0,4,No,Low,Yes,Yes,Primary,No,Dorm,26,6,47,1
Male,23,86.3,6.56,2.84,136,1,5.8,4,Yes,Low,Yes,Yes,Primary,No,Dorm,9,8,48,1
Male,23,71.3,4.61,1.97,87,1,7.1,7,Yes,Low,Yes,No,Secondary,No,Dorm,29,7,69,1
Female,21,84.7,5.93,2.38,135,0,8.2,7,Yes,High,Yes,No,Primary,No,Rent,33,5,74,1
Female,21,88.3,7.77,3.14,137,1,13.5,4,Yes,Medium,Yes,No,Primary,Yes,Dorm,4,10,71,0
Male,22,80.6,7.48,2.71,77,1,11.6,1,Yes,Low,Yes,Yes,Secondary,No,With_Family,14,10,78,1
Female,22,100.0,7.9,2.89,115,1,22.4,2,No,High,Yes,No,Secondary,Yes,Dorm,6,7,61,1
Male,22,97.1,7.83,3.11,120,2,12.6,7,No,Medium,Yes,No,Primary,No,Dorm,33,10,45,1
Female,21,94.1,10.0,4.0,160,0,11.1,10,Yes,Medium,Yes,Yes,Primary,No,Dorm,27,5,59,1
Female,23,89.2,5.88,2.46,81,1,7.7,5,No,High,Yes,No,Primary,No,Dorm,24,8,49,1
Male,18,100.0,4.57,1.76,136,1,5.4,5,Yes,Low,Yes,Yes,Secondary,No,With_Family,23,8,70,1
Male,21,62.8,5.42,2.32,100,2,6.8,8,No,Low,Yes,Yes,Bachelor,No,Dorm,30,8,55,0
Male,18,96.4,5.94,2.66,69,0,6.3,9,Yes,Medium,Yes,Yes,Graduate,No,Dorm,30,8,59,1
Female,22,68.1,5.54,2.2,97,1,2.5,8,No,Low,Yes,Yes,Secondary,No,Dorm,18,8,70,1
Female,24,73.2,7.14,2.92,100,1,5.4,7,No,Medium,No,Yes,Secondary,No,Rent,15,7,49,1
Female,20,86.7,8.88,3.51,74,2,20.1,5,Yes,Low,Yes,Yes,Bachelor,No,Rent,24,8,74,1
Female,21,94.8,9.31,3.7,108,0,10.8,6,Yes,Low,Yes,Yes,Bachelor,Yes,With_Family,22,11,40,1
Male,23,66.2,7.76,3.14,124,0,7.5,5,Yes,Low,Yes,No,Primary,No,Rent,56,7,65,1
Female,18,73.8,10.0,4.0,106,1,11.0,7,No,Medium,Yes,Yes,Primary,No,Rent,19,12,59,1
Male,20,81.2,6.47,2.77,86,0,3.4,11,No,Low,Yes,Yes,Secondary,No,Rent,29,7,72,1
Male,22,77.8,4.55,1.99,96,0,10.4,5,No,Low,Yes,Yes,Secondary,No,With_Family,32,8,39,1
Female,18,90.2,8.58,3.34,100,2,17.0,8,No,High,Yes,No,Primary,No,Rent,46,9,37,1
Female,19,100.0,4.24,1.52,105,0,8.5,7,No,Medium,Yes,No,Secondary,No,Dorm,13,7,71,1
Male,23,85.0,5.87,2.43,128,1,3.7,9,No,Medium,Yes,No,Secondary,Yes,With_Family,45,11,54,1
Female,23,71.2,7.78,3.36,107,2,7.3,6,No,Low,Yes,Yes,Secondary,No,With_Family,23,9,59,1
Female,22,64.4,6.85,3.08,65,2,17.1,1,No,Medium,Yes,Yes,Secondary,No,Rent,63,8,50,0
Female,23,76.1,6.71,2.19,86,1,10.2,4,Yes,Low,Yes,No,Bachelor,Yes,With_Family,30,11,74,1
Female,21,68.7,5.23,2.58,104,2,4.4,9,No,Medium,Yes,Yes,Secondary,No,With_Family,7,6,64,1
Male,22,85.6,6.98,2.88,128,1,29.4,6,Yes,Low,Yes,No,Secondary,No,Dorm,22,7,64,1
Male,20,85.4,8.51,3.59,132,0,4.8,10,Yes,High,Yes,No,Primary,No,With_Family,45,9,42,1
Male,21,74.4,7.03,2.46,144,2,8.0,8,No,High,Yes,Yes,Bachelor,No,Rent,26,10,68,1
Female,20,100.0,5.75,2.25,103,0,5.4,5,Yes,Low,Yes,No,Secondary,No,Rent,24,9,45,1
Female,24,71.2,5.13,2.22,119,0,5.4,7,Yes,Low,Yes,No,Primary,No,Rent,36,8,50,1
Male,24,78.6,5.79,2.08,64,1,7.2,7,Yes,Low,Yes,Yes,Secondary,No,With_Family,20,7,40,1
Male,24,87.7,7.59,2.46,111,3,12.4,5,No,Medium,Yes,Yes,Bachelor,No,Rent,22,10,58,1
Male,20,90.7,7.52,3.08,73,0,17.2,5,No,Low,No,Yes,Bachelor,No,Rent,11,8,76,1
Female,19,95.3,5.8,2.31,98,3,7.4,6,Yes,High,Yes,No,Bachelor,No,Dorm,51,6,63,1
Female,24,85.1,3.68,1.76,160,1,5.4,7,Yes,Medium,No,Yes,Bachelor,No,Rent,7,6,53,1
Male,22,92.6,7.63,3.02,108,3,11.4,3,No,High,Yes,Yes,Secondary,Yes,With_Family,28,11,62,1
Male,22,72.0,5.65,2.24,78,0,11.6,3,No,Medium,Yes,No,Secondary,No,With_Family,32,7,62,1
Female,20,91.0,8.03,3.35,110,3,10.1,6,Yes,High,Yes,Yes,Primary,No,Dorm,25,9,61,1
Male,22,90.9,5.87,2.55,87,2,10.3,5,No,Low,Yes,Yes,Bachelor,No,With_Family,6,11,63,1
Female,19,98.2,5.52,2.07,76,0,8.5,6,No,Medium,No,No,Secondary,Yes,With_Family,10,9,44,1
Male,22,60.0,7.23,3.08,153,1,9.5,8,Yes,Medium,Yes,Yes,Primary,Yes,Rent,33,6,62,1
Male,24,69.1,10.0,3.9,127,2,8.2,6,No,High,Yes,Yes,Bachelor,No,Dorm,13,6,34,1
Female,24,89.9,8.12,3.25,109,0,15.4,0,No,Medium,Yes,Yes,Secondary,No,Rent,0,12,69,1
Male,22,48.2,7.2,3.01,90,4,27.4,8,No,High,Yes,Yes,Primary,No,Dorm,31,6,43,0
Male,18,85.9,7.54,3.19,92,2,9.8,3,No,Low,Yes,Yes,Secondary,Yes,Dorm,12,7,78,1
Male,21,92.7,4.37,1.81,139,0,9.0,7,No,High,Yes,No,Bachelor,No,Rent,34,9,23,1
Male,25,73.1,5.32,1.91,108,0,10.2,9,No,Medium,Yes,No,Graduate,Yes,With_Family,22,8,85,1
Male,19,74.8,3.23,0.92,23,1,6.5,9,No,Medium,Yes,Yes,Secondary,Yes,Rent,21,9,35,0
Male,21,67.1,9.59,3.8,160,2,13.2,8,No,High,Yes,No,Graduate,No,With_Family,26,5,42,1
Male,24,73.7,9.29,3.91,105,0,11.2,7,No,Medium,Yes,No,Bachelor,No,With_Family,8,8,64,1
Male,22,74.1,7.59,3.13,109,1,7.3,6,No,Medium,Yes,No,Bachelor,No,Dorm,13,9,69,1
Female,26,71.8,7.2,2.93,127,2,14.1,6,No,Medium,Yes,No,Bachelor,Yes,Dorm,21,9,56,1
Female,20,71.1,4.67,1.87,112,1,9.1,4,Yes,Low,Yes,No,Secondary,Yes,With_Family,8,7,73,1
Male,19,76.7,6.67,2.73,119,0,5.5,6,Yes,Medium,Yes,No,Bachelor,No,With_Family,36,6,48,1
Male,23,76.6,9.69,3.68,89,0,10.7,7,No,Low,Yes,Yes,Secondary,No,Rent,20,8,54,1
Male,19,100.0,7.2,3.04,69,2,10.1,4,No,Low,Yes,Yes,Bachelor,No,With_Family,3,5,55,1
Female,21,75.3,6.15,2.63,107,0,14.5,5,Yes,High,Yes,Yes,Primary,No,Rent,17,11,52,1
Female,21,84.1,4.36,1.67,136,0,13.6,3,No,Medium,Yes,Yes,Bachelor,Yes,With_Family,27,8,31,1
Male,23,73.1,9.07,3.72,84,1,8.5,6,Yes,Medium,Yes,No,Graduate,No,With_Family,18,7,60,1
Male,22,72.9,6.89,2.41,82,1,7.1,6,Yes,Medium,Yes,Yes,Secondary,No,Dorm,31,6,58,1
Male,22,59.5,4.36,1.78,131,1,9.0,3,No,Medium,Yes,Yes,Graduate,No,Dorm,34,7,76,1
Male,20,61.1,5.61,2.22,89,1,10.8,5,Yes,Medium,Yes,Yes,Secondary,Yes,Dorm,61,5,41,0
Female,23,65.5,5.08,2.28,90,2,11.5,6,No,High,Yes,Yes,Primary,No,With_Family,42,9,50,1
Male,29,82.2,6.8,2.68,91,1,10.5,9,Yes,High,Yes,No,Primary,No,With_Family,0,6,78,1
Male,22,92.9,7.31,3.1,98,2,8.6,2,No,Medium,Yes,No,Bachelor,No,With_Family,20,9,64,1
Male,21,58.6,6.25,2.42,61,1,14.8,3,Yes,Medium,Yes,Yes,Secondary,No,Dorm,21,9,68,0
Female,18,73.4,8.17,2.81,87,1,6.4,5,No,Medium,Yes,Yes,Secondary,No,Rent,34,10,67,1
Male,20,63.6,7.12,2.8,106,1,31.1,9,No,Medium,Yes,Yes,Bachelor,No,Dorm,11,9,67,1
Female,21,76.8,8.59,3.48,106,1,13.2,6,Yes,Medium,No,Yes,Secondary,No,Rent,17,10,87,1
Male,20,92.9,6.46,2.61,129,1,5.1,8,Yes,Medium,Yes,No,Secondary,No,Dorm,6,11,61,1
Female,21,74.6,10.0,4.0,146,0,9.9,2,Yes,Medium,Yes,No,Bachelor,No,With_Family,16,9,45,1
Male,25,79.4,6.15,2.36,138,0,13.2,7,No,Medium,Yes,Yes,Bachelor,No,Dorm,17,9,70,1
Female,23,97.5,5.65,2.2,123,1,7.6,5,No,Medium,Yes,Yes,Bachelor,Yes,Rent,20,7,52,1
Female,21,85.5,5.46,1.96,96,2,4.3,6,No,Medium,Yes,No,Secondary,No,With_Family,7,6,58,1
Female,19,70.9,6.68,2.27,84,0,5.4,6,No,Low,Yes,No,Graduate,No,With_Family,40,11,66,1
Female,24,81.9,4.42,1.75,100,0,11.8,4,No,Low,Yes,Yes,Secondary,No,Dorm,32,9,48,1
Female,21,70.1,7.44,2.83,115,0,3.7,6,No,Medium,Yes,Yes,Secondary,No,With_Family,3,9,52,1
Female,18,85.0,4.14,1.87,121,1,4.4,4,No,Medium,Yes,Yes,Primary,No,Rent,25,7,67,1
Female,22,86.2,7.24,2.46,116,0,11.8,9,No,Low,No,No,Secondary,No,Rent,2,11,52,1
Male,23,63.6,4.97,2.05,97,0,8.1,5,No,Medium,Yes,Yes,Bachelor,No,With_Family,45,8,75,1
Female,18,82.1,6.43,3.0,120,1,6.4,8,No,Medium,Yes,Yes,Bachelor,No,With_Family,49,6,45,1
Male,19,78.6,7.91,3.13,132,2,7.0,4,Yes,Low,Yes,No,Secondary,No,Rent,24,7,45,1
Female,21,86.5,10.0,4.0,122,2,4.3,5,Yes,High,Yes,No,Primary,No,Rent,12,11,89,0
Male,22,90.0,5.38,2.24,99,2,11.5,6,Yes,High,Yes,Yes,Bachelor,Yes,Rent,15,6,37,1
Male,20,85.7,6.77,2.81,79,2,6.0,6,No,Medium,Yes,Yes,Graduate,No,Dorm,18,6,60,1
Female,19,76.4,5.91,2.28,79,1,6.9,10,Yes,Medium,Yes,Yes,Secondary,No,With_Family,23,12,88,0
Male,22,91.2,5.7,2.08,83,1,10.7,6,No,Low,Yes,No,Primary,No,Dorm,46,10,60,1
Male,20,69.5,5.93,2.5,106,0,7.9,7,No,High,Yes,Yes,Secondary,No,Rent,39,7,80,0
Male,22,64.2,8.24,2.91,113,0,6.3,7,No,Medium,No,No,Secondary,No,Rent,40,6,70,1
Male,19,41.7,6.27,2.67,65,0,3.3,2,No,High,Yes,No,Secondary,No,Dorm,28,5,60,1
Male,18,79.2,10.0,3.92,87,1,10.8,5,Yes,Medium,Yes,Yes,Secondary,No,Rent,8,8,58,1
Male,23,70.1,7.62,3.05,106,1,9.4,8,No,Low,Yes,No,Bachelor,No,Rent,13,9,28,1
Male,22,84.8,5.48,2.09,78,0,6.9,6,Yes,Low,Yes,Yes,Secondary,No,Dorm,26,11,55,1
Male,23,56.3,6.45,2.87,111,0,5.4,3,No,Medium,Yes,Yes,Secondary,No,Dorm,7,4,63,1
Male,20,72.2,5.8,2.37,92,2,9.1,3,No,Medium,Yes,No,Primary,No,With_Family,30,5,63,1
Female,19,85.6,8.2,3.22,82,0,11.4,7,No,Low,Yes,Yes,Graduate,No,With_Family,37,8,97,1
Male,24,67.6,4.54,1.75,101,0,9.5,1,No,Medium,Yes,Yes,Secondary,No,Rent,33,12,64,1
Female,18,84.9,4.99,1.97,110,0,20.4,4,Yes,High,No,Yes,Secondary,No,Dorm,33,10,69,1
Female,24,73.3,6.11,2.92,79,0,12.8,7,No,Medium,Yes,Yes,Primary,No,Dorm,0,9,77,1
Male,24,79.6,8.02,2.94,94,1,8.5,3,No,Medium,Yes,Yes,Bachelor,No,Dorm,45,6,68,1
Male,23,87.1,8.85,3.76,112,0,13.0,2,No,Low,Yes,No,Bachelor,No,Rent,1,4,59,1
Female,20,91.4,9.07,3.74,81,2,9.2,11,Yes,Medium,Yes,No,Primary,Yes,With_Family,23,8,59,1
Female,19,81.1,7.79,3.42,59,2,9.2,7,Yes,Medium,Yes,No,Primary,No,With_Family,34,8,55,1
Female,21,70.2,6.88,2.88,62,0,17.2,7,No,High,No,No,Primary,No,Dorm,30,7,67,0
Female,18,74.5,8.19,3.28,90,3,5.7,5,Yes,Medium,Yes,Yes,Bachelor,No,With_Family,6,7,57,1
Female,19,87.6,5.28,2.32,67,1,9.1,7,No,Medium,Yes,No,Graduate,No,Rent,9,7,69,1
Female,22,67.7,4.23,1.74,91,2,16.3,1,No,Low,Yes,Yes,Secondary,No,Dorm,29,6,45,1
Male,22,77.9,7.65,3.21,142,0,10.5,4,No,Low,Yes,Yes,Secondary,No,Rent,33,11,62,1
Female,19,75.4,5.49,2.48,66,2,7.5,7,Yes,Medium,Yes,No,Bachelor,No,Dorm,8,6,83,1
Male,22,78.8,6.9,2.78,93,1,3.8,5,No,Medium,Yes,Yes,Bachelor,No,With_Family,31,7,57,1
Female,22,67.9,7.18,2.79,153,1,2.9,3,Yes,Medium,Yes,Yes,Secondary,No,Rent,2,8,88,1
Female,24,57.8,7.37,2.82,110,1,25.4,10,No,High,Yes,Yes,Primary,No,With_Family,34,9,62,1
Male,22,86.2,8.41,3.45,91,1,10.5,6,No,High,Yes,Yes,Secondary,No,Rent,12,6,59,1
Female,23,91.6,8.25,3.12,96,2,6.7,7,Yes,High,Yes,Yes,Bachelor,No,With_Family,26,10,62,1
Male,22,58.5,7.29,2.85,111,0,10.7,2,Yes,Low,Yes,Yes,Bachelor,No,Rent,24,7,55,1
Female,23,84.4,6.34,2.34,142,1,5.6,7,Yes,Medium,Yes,No,Bachelor,No,Rent,42,8,30,1
Male,18,93.0,7.16,2.97,87,2,7.6,7,No,High,Yes,Yes,Bachelor,No,Dorm,29,11,73,1
Female,21,87.2,6.11,2.29,81,1,5.6,5,No,Medium,Yes,Yes,Secondary,No,With_Family,16,6,93,1
Male,21,75.0,6.71,2.43,66,0,4.4,4,Yes,Low,Yes,Yes,Secondary,No,Rent,30,9,67,1
Female,21,68.7,10.0,3.78,103,0,3.1,5,Yes,High,Yes,No,Primary,No,Dorm,57,10,68,1
Female,22,81.0,7.27,2.79,65,0,4.0,3,No,Medium,Yes,Yes,Bachelor,No,With_Family,36,9,57,1
Female,22,83.0,7.68,2.98,88,1,15.0,6,Yes,Medium,Yes,Yes,Secondary,No,Dorm,24,8,77,1
Female,22,81.1,5.94,2.43,77,1,5.5,7,No,High,Yes,Yes,Secondary,No,Dorm,12,12,59,1
Female,21,77.8,8.53,3.38,127,1,11.8,2,No,Medium,Yes,No,Primary,No,Rent,16,8,64,1
Female,20,67.0,8.14,3.33,87,1,14.5,7,No,Medium,Yes,No,Bachelor,No,Dorm,35,8,37,1
Male,23,85.1,8.15,3.35,110,0,9.1,6,No,Medium,Yes,No,Bachelor,No,Rent,12,7,52,1
Female,22,85.7,7.32,3.08,60,0,7.8,8,No,Medium,Yes,No,Bachelor,No,Dorm,25,8,66,1
Male,19,82.4,8.55,3.04,103,1,9.6,6,No,Low,Yes,Yes,Secondary,No,Dorm,47,10,74,1
Female,21,81.3,8.91,3.34,70,0,7.3,4,Yes,Medium,Yes,Yes,Graduate,No,Dorm,27,7,74,1
Male,18,100.0,7.42,3.08,89,2,16.4,7,Yes,High,Yes,Yes,Bachelor,No,Dorm,9,4,36,1
Female,21,72.5,6.83,2.77,155,1,23.0,6,No,Low,Yes,Yes,Bachelor,No,With_Family,58,9,38,1
Female,21,95.4,8.34,3.53,123,3,18.6,6,Yes,Medium,Yes,Yes,Bachelor,No,Rent,51,6,69,1
Male,20,71.2,5.64,1.95,97,1,3.1,7,No,High,Yes,Yes,Graduate,No,Rent,33,9,49,0
Female,24,93.3,5.92,2.27,160,1,7.2,10,No,Low,Yes,Yes,Graduate,No,Rent,44,8,73,1
Female,19,94.8,6.92,2.71,77,0,9.0,5,No,Medium,Yes,No,Secondary,No,With_Family,21,10,36,1
Female,22,76.5,4.39,1.79,129,2,11.3,7,Yes,Medium,Yes,Yes,Secondary,No,Dorm,36,6,59,1
Male,25,99.9,8.24,3.3,62,1,3.8,5,No,Medium,No,No,Secondary,No,Dorm,19,7,59,1
Female,23,85.6,5.56,2.32,94,2,3.8,4,No,Low,Yes,No,Bachelor,No,With_Family,5,7,67,1
Female,21,69.5,6.29,2.49,66,0,17.3,4,Yes,Medium,Yes,Yes,Bachelor,No,Rent,64,5,45,0
Male,19,75.5,6.68,2.95,106,1,6.8,7,No,Medium,Yes,Yes,Primary,No,With_Family,4,10,30,1
Male,18,93.6,7.06,3.16,101,3,4.3,5,No,Medium,Yes,No,Primary,No,With_Family,29,5,63,1
Male,20,91.1,6.48,2.37,92,2,5.2,4,No,Low,Yes,No,Graduate,Yes,With_Family,29,10,68,1
Female,20,67.3,6.9,2.77,127,0,10.9,6,No,Medium,Yes,Yes,Bachelor,No,Dorm,33,9,75,1
Male,20,78.3,6.91,2.92,86,0,6.0,6,Yes,Medium,Yes,Yes,Graduate,No,Dorm,24,8,55,1
Female,20,82.4,6.33,2.65,108,1,10.2,4,No,Low,Yes,No,Secondary,No,Dorm,24,9,72,1
Female,21,73.9,5.84,2.25,121,1,5.5,5,No,Low,Yes,No,Bachelor,No,With_Family,27,9,67,1
Male,22,100.0,8.62,3.5,63,1,3.8,4,Yes,Low,Yes,Yes,Bachelor,No,With_Family,32,7,80,1
Female,19,82.8,3.84,1.22,81,0,18.3,4,No,Medium,Yes,Yes,Secondary,No,With_Family,25,9,59,1
Female,20,79.3,6.69,2.67,101,0,11.0,7,Yes,Low,Yes,No,Primary,No,Dorm,24,9,34,1
Male,21,94.3,6.3,2.23,116,2,7.6,11,Yes,High,Yes,Yes,Graduate,Yes,With_Family,5,6,59,1
Male,21,75.6,7.63,3.15,136,1,6.9,11,No,Medium,Yes,No,Primary,No,Rent,55,9,61,1
Male,25,92.1,4.82,1.7,95,1,18.7,5,Yes,High,Yes,Yes,Secondary,No,With_Family,33,3,68,0
Male,21,60.0,6.25,2.53,92,1,12.1,6,No,High,Yes,Yes,Bachelor,No,Rent,28,4,37,0
Male,18,74.6,6.85,2.8,78,0,16.0,3,Yes,Low,Yes,Yes,Bachelor,No,Dorm,16,9,55,1
Female,22,92.6,8.61,3.46,108,0,6.7,4,No,Medium,Yes,Yes,Secondary,No,Dorm,10,7,73,1
Male,22,98.8,7.5,2.87,93,0,9.2,8,Yes,High,Yes,No,Bachelor,No,With_Family,38,6,58,1
Male,21,70.7,5.22,2.05,93,0,11.0,10,No,Medium,Yes,Yes,Secondary,No,Rent,23,8,55,1
Female,19,69.3,6.27,2.74,98,1,6.8,3,Yes,Medium,Yes,No,Bachelor,No,Rent,34,7,89,0
Female,25,86.8,8.33,3.25,114,2,8.6,5,No,Medium,Yes,Yes,Secondary,No,Rent,5,6,44,1
Female,19,72.5,5.2,2.08,86,2,6.7,6,Yes,Low,Yes,No,Bachelor,No,Rent,48,5,78,1
Female,22,76.8,6.88,2.64,81,0,11.0,11,Yes,Medium,Yes,No,Bachelor,No,With_Family,39,4,75,1
Male,21,90.5,6.99,3.0,111,1,4.6,5,No,High,Yes,No,Primary,No,Dorm,24,9,57,1
Male,22,73.5,6.42,2.58,24,1,12.0,8,No,High,Yes,Yes,Secondary,No,Dorm,32,7,60,1
Female,24,56.4,10.0,3.85,85,3,10.5,5,No,Low,Yes,No,Bachelor,No,With_Family,36,10,59,1
Female,22,64.4,6.38,2.55,71,0,8.1,7,Yes,Medium,No,Yes,Primary,No,Rent,5,7,63,1
Female,20,80.1,7.67,3.02,130,2,11.3,9,Yes,Medium,Yes,No,Primary,Yes,Dorm,50,9,51,1
Male,23,57.6,5.85,2.62,89,0,7.5,4,No,High,Yes,Yes,Secondary,No,Dorm,32,8,54,1
Female,20,76.4,7.79,3.11,86,2,6.4,6,No,Low,Yes,Yes,Graduate,No,Dorm,14,8,55,1
Female,21,63.3,8.31,3.05,99,1,11.8,8,Yes,High,Yes,Yes,Secondary,Yes,Dorm,9,8,55,1
Male,18,99.7,6.12,2.55,85,0,12.1,4,No,High,Yes,No,Secondary,No,Dorm,40,7,55,1
Female,19,100.0,6.92,3.13,90,2,7.0,6,No,Low,Yes,No,Graduate,No,Dorm,28,6,26,1
Female,21,67.3,5.66,2.5,102,1,6.7,4,No,Low,Yes,Yes,Secondary,Yes,With_Family,32,10,61,1
Male,22,83.1,5.28,1.89,89,0,8.2,5,Yes,High,Yes,No,Secondary,No,With_Family,25,11,52,0
Male,18,68.5,8.56,3.37,89,1,6.8,9,No,Low,No,No,Secondary,No,With_Family,10,11,32,1
Female,22,76.3,6.17,2.46,75,0,19.3,10,Yes,Medium,Yes,Yes,Secondary,No,Rent,33,7,55,1
Male,19,100.0,3.38,1.35,71,1,10.5,7,No,High,Yes,Yes,Secondary,No,Dorm,22,7,54,1
Male,24,74.4,9.65,3.94,102,1,9.1,5,Yes,Medium,Yes,No,Bachelor,No,With_Family,25,7,79,1
Male,20,76.6,5.8,2.25,108,0,5.6,4,No,Medium,Yes,No,Primary,No,With_Family,61,8,52,1
Male,19,68.7,6.63,2.47,64,1,13.0,7,No,Medium,Yes,Yes,Bachelor,No,Rent,38,8,70,1
Female,21,93.8,9.46,3.97,119,0,6.6,3,No,Low,Yes,No,Secondary,No,Dorm,39,6,81,1
Female,19,40.8,6.79,2.49,119,1,6.5,7,Yes,High,Yes,Yes,Secondary,Yes,Dorm,66,5,51,1
Male,24,74.7,6.75,2.54,124,3,13.2,4,Yes,Medium,Yes,No,Primary,No,Rent,31,8,59,1
Female,21,79.4,5.16,1.84,107,0,10.9,10,No,Low,Yes,No,Secondary,No,Rent,27,1,86,1
Female,21,72.1,4.55,1.94,116,2,2.6,3,No,Low,Yes,No,Bachelor,No,Dorm,15,8,63,0
Male,22,90.4,6.75,2.72,155,1,8.3,4,No,High,Yes,Yes,Secondary,No,With_Family,18,6,66,1
Female,19,94.4,7.54,3.19,92,0,9.6,7,Yes,Low,Yes,Yes,Primary,No,Rent,0,10,54,1
Male,18,63.1,7.46,2.83,74,2,7.6,7,No,High,Yes,Yes,Secondary,No,Rent,37,10,70,1
Female,22,100.0,6.28,2.26,62,2,9.8,5,Yes,Medium,No,Yes,Bachelor,No,Dorm,6,10,59,1
Female,19,62.9,7.03,2.72,144,0,3.6,11,Yes,High,Yes,No,Secondary,Yes,With_Family,39,7,33,1
Female,19,95.5,4.24,1.66,144,3,2.2,10,Yes,High,No,Yes,Bachelor,No,With_Family,24,6,55,1
Male,23,81.8,7.69,3.12,77,3,5.5,5,No,High,Yes,Yes,Secondary,No,Dorm,27,6,42,1
Female,22,74.0,7.24,2.56,82,0,10.4,6,Yes,High,Yes,Yes,Primary,No,Rent,24,9,62,0
Male,18,75.1,9.96,4.0,92,1,1.8,1,Yes,Low,Yes,Yes,Bachelor,No,With_Family,46,5,46,1
Male,20,79.6,7.01,2.63,131,0,5.9,8,No,Medium,Yes,Yes,Secondary,No,With_Family,43,11,67,1
Male,19,82.5,5.59,2.11,68,1,3.4,11,No,Medium,Yes,No,Primary,No,Dorm,25,7,61,1
Female,25,69.0,6.92,3.0,51,3,8.0,7,Yes,Medium,Yes,No,Graduate,No,With_Family,12,9,41,1
Male,23,77.2,6.51,2.17,154,1,24.0,13,Yes,High,Yes,Yes,Primary,No,Rent,39,4,53,1
Female,20,70.8,7.65,3.12,108,1,8.1,3,No,High,No,No,Secondary,No,Dorm,10,6,69,0
Female,22,65.4,7.04,2.88,111,0,8.5,4,Yes,Medium,Yes,No,Secondary,No,Dorm,2,4,77,1
Male,18,70.2,5.11,1.88,95,1,13.7,10,Yes,Medium,Yes,Yes,Secondary,No,Dorm,32,10,46,0
Male,20,66.2,4.55,1.73,112,1,9.1,5,No,Medium,Yes,No,Bachelor,No,Dorm,43,8,44,1
Male,21,75.0,7.39,3.2,62,0,8.1,2,Yes,Medium,Yes,Yes,Primary,No,Rent,19,9,89,1
Female,22,85.2,9.07,4.0,79,1,14.3,11,No,Medium,No,Yes,Graduate,Yes,With_Family,31,8,60,1
Female,21,81.4,7.12,3.06,103,1,11.4,7,Yes,Medium,Yes,Yes,Bachelor,Yes,Dorm,19,9,61,1
Male,21,100.0,8.22,3.67,43,2,10.4,7,Yes,Low,Yes,Yes,Graduate,Yes,With_Family,36,7,49,1
Female,21,53.5,8.52,3.27,92,0,8.4,5,Yes,Low,Yes,No,Bachelor,No,Dorm,41,8,63,1
Male,21,85.6,7.4,2.64,91,0,7.6,4,Yes,Medium,Yes,No,Graduate,No,Rent,21,8,86,1
Female,20,80.1,5.78,2.3,92,1,14.2,6,Yes,Medium,Yes,No,Bachelor,Yes,With_Family,10,9,64,1
Female,20,89.8,7.29,3.08,86,1,7.6,10,Yes,High,Yes,No,Secondary,No,With_Family,3,9,76,1
Female,21,88.6,8.81,3.15,75,2,16.7,10,No,Medium,Yes,No,Secondary,No,Rent,39,12,60,1
Female,22,78.0,7.79,2.93,54,1,5.3,7,No,Low,Yes,No,Bachelor,Yes,With_Family,8,11,45,1
Female,21,82.1,8.12,3.08,104,1,18.4,4,Yes,Low,Yes,Yes,Secondary,No,Dorm,31,4,50,1
Male,19,71.1,6.31,2.6,92,1,11.4,7,No,Low,Yes,Yes,Bachelor,No,Dorm,37,8,43,1
Male,19,87.4,6.7,2.73,66,0,5.5,9,No,High,No,No,Primary,No,Rent,17,7,63,1
Male,22,57.5,6.82,2.57,102,0,11.6,2,No,Low,Yes,Yes,Bachelor,No,Dorm,23,11,78,1
Male,24,89.3,6.92,2.8,93,2,6.5,7,Yes,Medium,Yes,Yes,Secondary,No,Rent,40,7,62,1
Female,21,79.7,8.75,3.27,88,0,9.2,5,Yes,High,Yes,Yes,Graduate,No,Dorm,13,9,55,1
Female,20,74.2,3.48,1.31,46,2,7.1,6,Yes,High,Yes,No,Primary,No,With_Family,11,3,48,0
Female,21,77.2,7.05,2.57,117,0,8.4,6,Yes,Low,No,Yes,Primary,No,With_Family,21,5,65,1
Male,19,78.1,6.88,2.72,69,3,14.4,7,Yes,Low,Yes,Yes,Bachelor,No,With_Family,44,12,41,1
Female,24,95.6,4.94,1.82,102,2,11.7,11,No,Low,Yes,Yes,Bachelor,No,With_Family,49,8,43,0
Male,21,100.0,8.01,3.34,80,0,5.1,9,No,Low,Yes,Yes,Bachelor,No,Dorm,24,6,74,1
Male,20,94.6,5.91,2.36,90,1,5.3,5,Yes,Low,Yes,No,Graduate,No,Dorm,14,8,56,1
Female,21,73.2,6.46,2.54,129,1,10.3,9,No,Medium,Yes,Yes,Secondary,No,With_Family,41,6,56,1
Female,20,87.6,9.77,4.0,113,1,10.7,4,Yes,High,Yes,No,Bachelor,No,Rent,0,7,57,1
Female,24,88.1,8.51,3.48,128,0,6.4,4,No,Medium,Yes,No,Secondary,No,Rent,29,5,71,1
Male,21,68.9,7.86,3.07,108,1,19.9,2,No,Medium,Yes,Yes,Secondary,No,Rent,24,6,62,1
Female,21,64.9,7.57,2.91,110,0,13.5,4,Yes,Low,Yes,No,Secondary,No,Rent,44,7,49,1
Male,22,79.2,6.75,2.46,55,1,6.6,7,No,High,Yes,No,Primary,No,Dorm,46,10,49,1
Female,20,89.7,10.0,3.99,92,0,6.3,7,No,Medium,Yes,No,Secondary,No,Dorm,11,9,57,1
Female,21,60.7,8.2,3.34,94,2,8.0,2,No,High,Yes,Yes,Bachelor,No,Rent,28,9,65,1
Male,22,71.3,5.88,1.97,131,2,7.6,8,No,High,Yes,Yes,Primary,No,Rent,16,8,59,1
Male,18,86.9,4.9,1.69,87,1,16.9,3,No,Medium,Yes,No,Graduate,No,With_Family,21,10,58,1
Male,22,80.5,7.85,3.04,107,1,14.7,8,Yes,Low,Yes,No,Secondary,No,Rent,34,6,61,1
Female,21,97.0,6.92,2.55,106,1,9.2,6,Yes,Low,Yes,No,Primary,No,With_Family,20,7,59,1
Male,21,63.1,4.86,1.95,129,1,12.6,9,No,Medium,Yes,No,Bachelor,No,With_Family,28,9,48,0
Female,21,100.0,7.64,3.09,97,1,13.6,4,Yes,High,Yes,Yes,Primary,No,Dorm,39,7,77,1
Female,22,61.5,6.6,2.62,121,2,9.3,5,No,Medium,Yes,No,Primary,No,With_Family,48,8,53,1
Female,24,55.7,7.8,3.23,57,2,11.0,5,No,Medium,Yes,Yes,Bachelor,No,Rent,29,8,62,1
Male,19,79.3,7.66,2.95,60,1,12.1,5,No,Medium,Yes,No,Primary,No,Rent,27,11,29,1
Female,20,66.4,6.09,2.43,43,1,11.5,8,Yes,Low,Yes,Yes,Primary,No,Dorm,8,11,57,0
Male,22,79.5,7.95,2.98,120,1,6.1,7,No,Medium,Yes,Yes,Bachelor,No,With_Family,49,7,44,1
Female,22,79.1,6.25,2.56,117,1,6.4,5,Yes,Medium,Yes,No,Primary,No,With_Family,32,4,45,1
Female,22,77.7,6.35,2.56,122,1,7.8,2,Yes,Medium,Yes,No,Bachelor,No,Dorm,27,7,96,1
Female,27,69.9,6.2,2.24,83,0,6.3,2,Yes,Medium,Yes,No,Bachelor,No,Dorm,26,6,64,1
Female,22,85.2,8.7,3.45,86,0,4.3,9,No,Low,Yes,Yes,Primary,No,Dorm,30,10,78,1
Male,23,76.2,6.58,2.62,97,1,12.6,6,No,Medium,Yes,Yes,Secondary,No,With_Family,37,10,73,0
Male,20,93.2,9.06,3.68,136,1,10.7,8,Yes,Low,Yes,No,Primary,No,Rent,38,6,75,1
Male,19,77.8,9.68,3.94,142,2,4.6,7,No,High,Yes,Yes,Bachelor,No,Dorm,49,6,57,1
Male,20,68.4,5.89,2.21,120,0,8.0,1,Yes,Low,Yes,Yes,Primary,No,With_Family,29,5,84,1
Male,22,59.7,2.62,1.2,108,0,8.2,2,No,Low,Yes,No,Graduate,No,Rent,51,8,73,1
Male,22,77.9,8.57,3.53,133,0,9.9,3,Yes,Medium,Yes,Yes,Secondary,No,Rent,41,8,61,1
Male,22,64.8,6.49,2.45,94,0,5.2,5,No,Medium,Yes,No,Bachelor,Yes,Rent,24,10,64,1
Male,21,63.8,5.7,2.05,90,1,4.6,5,No,Medium,Yes,Yes,Primary,Yes,Rent,0,9,58,0
Male,20,86.3,6.12,2.32,97,0,11.7,6,No,Medium,Yes,No,Secondary,No,Rent,26,9,61,1
Female,21,58.7,6.38,2.26,76,0,4.2,8,Yes,High,Yes,No,Secondary,No,Dorm,48,5,59,1
Female,22,96.9,8.95,3.62,96,0,8.0,8,No,Medium,Yes,No,Secondary,No,Rent,13,7,66,1
Male,23,81.9,7.24,3.13,72,0,7.6,3,No,Medium,No,No,Graduate,No,With_Family,26,10,86,1
Male,19,79.5,8.93,3.86,126,0,8.5,5,No,Medium,Yes,Yes,Primary,No,Rent,27,7,42,1
Male,23,67.6,7.74,2.88,114,0,10.2,4,No,Low,Yes,No,Primary,No,With_Family,39,5,77,1
Female,20,89.2,6.54,2.77,136,3,20.0,6,No,Medium,Yes,No,Secondary,No,Rent,19,10,54,1
Male,22,80.0,6.41,2.58,59,3,4.0,9,Yes,Low,Yes,No,Secondary,No,With_Family,12,7,79,1
Male,21,71.8,7.84,2.66,148,3,14.0,7,No,Medium,Yes,No,Bachelor,No,Dorm,34,10,55,1
Male,24,82.4,8.23,3.23,61,2,2.6,5,Yes,Low,Yes,No,Graduate,No,With_Family,14,8,66,1
Male,20,59.8,8.5,3.31,70,0,18.1,4,No,High,Yes,No,Bachelor,No,Dorm,0,7,58,1
Male,21,60.4,6.61,2.89,84,1,3.2,11,Yes,Medium,Yes,No,Primary,No,Dorm,53,11,34,1
Female,22,66.6,7.26,2.73,133,1,30.4,6,Yes,High,Yes,Yes,Secondary,Yes,Dorm,39,5,86,1
Female,19,84.2,7.88,3.26,106,0,7.4,9,No,Medium,Yes,Yes,Bachelor,No,Dorm,53,11,46,1
Female,21,80.0,6.42,2.55,94,0,17.2,8,No,Low,No,No,Secondary,No,With_Family,38,7,61,0
Female,20,92.6,5.3,1.83,80,1,15.5,3,No,High,Yes,Yes,Bachelor,No,With_Family,35,8,44,1
Female,20,69.0,5.79,2.21,66,1,7.2,7,No,Medium,Yes,No,Secondary,No,With_Family,31,8,40,1
Male,20,86.9,6.64,2.96,128,3,7.5,9,Yes,Medium,No,No,Secondary,No,Dorm,22,7,57,0
Female,23,78.6,7.99,3.16,120,0,5.9,9,Yes,Medium,Yes,Yes,Bachelor,No,With_Family,33,6,51,1
Female,20,68.7,8.89,3.74,134,2,13.3,4,Yes,Medium,Yes,No,Secondary,Yes,With_Family,17,7,42,1
Male,22,84.6,4.97,2.16,110,2,7.3,3,No,High,Yes,No,Graduate,No,Dorm,9,6,59,1
Female,22,79.2,6.1,2.35,34,1,6.0,5,No,Medium,Yes,No,Secondary,No,Rent,20,12,38,1
Male,18,72.5,6.46,2.33,69,0,11.8,10,No,Medium,Yes,Yes,Primary,No,With_Family,44,7,62,1
Male,22,80.5,8.19,3.05,112,2,5.7,9,No,Medium,Yes,No,Secondary,No,Dorm,7,10,58,1
Female,18,78.4,6.21,2.77,91,2,7.6,6,Yes,Medium,Yes,Yes,Primary,No,Rent,7,10,23,0
Female,22,78.2,6.36,2.57,86,1,9.5,10,No,High,Yes,No,Secondary,No,With_Family,34,9,52,1
Female,20,75.0,4.88,1.61,72,1,6.5,5,No,Medium,No,Yes,Primary,No,Dorm,19,8,67,1
Male,21,64.3,7.73,3.26,124,1,7.0,5,No,Medium,Yes,No,Bachelor,No,Rent,32,8,44,1
Female,18,80.9,6.76,2.35,111,0,19.4,2,Yes,High,Yes,No,Bachelor,No,Rent,40,9,68,1
Female,21,70.4,6.02,2.24,113,2,8.1,4,Yes,Medium,Yes,No,Secondary,Yes,With_Family,32,8,66,1
Male,23,67.8,6.61,2.66,84,1,7.5,3,No,Medium,No,Yes,Primary,No,With_Family,16,5,45,0
Female,19,77.1,8.69,3.98,104,1,8.2,6,Yes,Medium,No,No,Secondary,Yes,With_Family,44,4,60,1
Male,20,88.8,5.49,2.36,67,1,11.3,10,No,Low,Yes,No,Bachelor,No,Rent,36,11,72,1
Male,22,82.2,5.74,2.2,97,0,5.4,5,Yes,Medium,Yes,Yes,Secondary,No,Rent,25,3,47,1
Male,22,73.6,8.88,3.56,37,1,11.1,5,No,Low,Yes,No,Primary,No,Rent,25,8,57,1
Female,18,73.1,7.11,3.03,61,0,10.2,6,No,Low,Yes,No,Secondary,Yes,Rent,31,8,77,1
Male,25,87.6,8.0,3.48,92,0,3.7,7,No,Medium,Yes,No,Secondary,No,Dorm,20,8,47,1
Male,22,51.2,7.6,2.99,159,1,22.1,5,Yes,Medium,Yes,No,Secondary,No,With_Family,1,6,67,1
Male,22,89.6,6.95,2.74,55,0,18.7,8,Yes,High,Yes,No,Primary,Yes,With_Family,36,9,44,1
Male,21,57.5,6.48,2.43,69,2,6.0,6,Yes,Low,Yes,No,Graduate,No,Rent,35,8,58,0
Male,18,63.0,8.25,3.43,105,1,5.1,9,No,Low,Yes,No,Primary,No,With_Family,0,12,67,1
Female,22,73.8,8.74,3.7,144,1,10.1,6,Yes,High,Yes,Yes,Primary,No,With_Family,33,8,24,1
Male,20,100.0,8.63,3.06,105,0,4.4,6,No,Low,Yes,Yes,Primary,No,Rent,51,11,52,1
Female,22,100.0,5.22,2.01,118,0,17.8,7,Yes,Low,Yes,No,Secondary,No,Dorm,8,5,66,1
Female,21,88.5,8.96,3.34,92,0,7.1,6,Yes,Low,Yes,Yes,Secondary,No,Dorm,24,10,63,1
Male,21,84.3,6.46,2.61,87,3,20.2,7,No,Medium,Yes,No,Secondary,No,Rent,22,8,52,1
Male,19,57.7,5.87,2.1,102,1,6.0,6,No,High,Yes,Yes,Secondary,Yes,Rent,50,9,43,1
Female,23,81.9,6.75,2.44,84,1,8.5,9,No,Medium,Yes,Yes,Bachelor,No,Dorm,42,9,69,1
Male,19,73.4,8.25,3.52,118,2,17.0,5,No,Medium,No,Yes,Secondary,No,Dorm,12,11,55,1
Male,25,70.2,7.81,3.09,60,2,7.7,4,No,Low,Yes,Yes,Graduate,No,Dorm,30,9,68,1
Female,25,81.9,6.62,2.64,122,0,10.3,5,No,Medium,No,Yes,Secondary,No,With_Family,60,6,66,1
Female,24,74.3,8.26,3.39,101,2,15.5,6,No,Medium,No,Yes,Primary,Yes,With_Family,16,7,53,1
Female,24,90.4,7.21,3.08,95,1,6.8,4,Yes,Low,Yes,No,Graduate,No,Rent,25,10,76,1
Male,21,56.8,6.14,2.37,59,1,4.8,2,No,Low,Yes,Yes,Bachelor,Yes,Dorm,33,9,51,0
Female,23,80.9,5.94,2.3,76,0,4.3,9,No,Medium,Yes,Yes,Secondary,No,Dorm,16,5,78,1
Female,21,69.5,7.62,2.97,130,0,12.0,5,Yes,Low,Yes,Yes,Bachelor,No,Dorm,51,9,80,1
Male,18,75.1,6.88,2.97,95,2,10.9,4,No,Medium,Yes,Yes,Secondary,No,Rent,18,6,76,1
Female,24,83.7,4.94,1.96,107,0,15.3,3,No,Medium,Yes,Yes,Secondary,Yes,Dorm,4,9,57,1
Male,23,66.6,8.27,3.25,78,1,7.8,3,No,Low,No,No,Bachelor,No,Dorm,17,6,98,1
Male,21,82.0,6.28,2.59,99,0,4.4,9,Yes,Medium,Yes,No,Bachelor,No,With_Family,35,7,62,1
Female,19,77.5,9.39,4.0,66,1,2.8,3,No,Medium,Yes,Yes,Secondary,Yes,Rent,13,7,64,1
Male,20,72.1,4.9,1.97,102,1,37.8,5,No,Medium,Yes,No,Bachelor,No,With_Family,30,11,60,0
Male,18,74.4,6.73,2.64,109,2,11.7,6,Yes,High,Yes,Yes,Secondary,No,Dorm,33,9,43,1
Female,23,78.1,5.95,2.77,108,3,9.6,8,Yes,Medium,Yes,Yes,Primary,No,Dorm,7,11,79,0
Female,18,70.8,5.54,2.48,77,2,10.3,9,Yes,High,Yes,No,Graduate,No,With_Family,17,12,51,1
Female,22,80.1,6.27,2.74,91,0,4.4,5,Yes,Low,Yes,Yes,Secondary,No,Rent,30,8,74,1
Female,19,76.7,9.66,3.76,113,0,6.0,6,No,Medium,Yes,No,Secondary,No,Rent,36,11,77,1
Female,18,72.7,7.22,2.77,95,1,21.5,10,No,Low,Yes,Yes,Secondary,No,With_Family,17,7,69,1
Male,21,99.1,5.81,1.96,93,0,12.5,5,Yes,Medium,Yes,Yes,Secondary,No,Rent,27,11,50,1
Male,20,85.0,4.26,1.9,148,1,6.1,4,Yes,Medium,Yes,Yes,Secondary,No,Dorm,21,6,55,1
Male,23,75.4,4.42,1.78,76,0,4.9,4,No,Low,No,Yes,Graduate,Yes,Rent,36,8,20,1
Male,18,81.8,6.2,2.12,127,1,7.0,5,Yes,Medium,Yes,No,Bachelor,No,Dorm,33,9,58,1
Female,19,67.7,6.05,2.66,71,1,7.7,7,No,Medium,Yes,Yes,Bachelor,No,Dorm,19,9,72,1
Male,18,74.8,6.66,2.6,116,2,25.1,10,Yes,Low,Yes,No,Secondary,No,Dorm,32,5,56,1
Male,18,76.2,3.59,1.39,118,0,8.2,5,Yes,Low,Yes,No,Secondary,No,With_Family,19,6,51,1
Male,25,65.0,6.86,2.44,87,1,5.0,4,No,Medium,Yes,No,Primary,No,With_Family,32,9,56,1
Male,25,84.6,8.54,3.51,70,0,8.7,5,Yes,Medium,Yes,Yes,Secondary,No,Dorm,32,7,78,1
Female,21,73.9,9.43,3.87,51,3,10.3,5,No,Medium,No,Yes,Primary,Yes,Dorm,61,5,59,1
Male,19,75.7,4.16,1.65,85,0,4.7,11,Yes,Low,Yes,Yes,Bachelor,No,With_Family,20,8,88,1
Male,20,73.2,5.8,2.24,113,1,11.0,6,No,Medium,Yes,No,Bachelor,No,With_Family,23,8,51,0
Male,23,100.0,5.72,2.81,73,0,16.5,9,No,High,Yes,Yes,Secondary,No,Dorm,15,8,63,1
Male,20,72.0,7.22,2.65,102,0,9.6,3,No,Medium,Yes,No,Secondary,Yes,Dorm,10,9,53,1
Female,21,55.2,5.17,1.92,63,0,6.0,5,Yes,Medium,Yes,No,Bachelor,No,With_Family,18,9,91,1
Male,21,60.8,9.52,3.95,94,1,6.9,7,No,High,Yes,Yes,Primary,No,With_Family,35,6,63,1
Male,20,89.1,7.07,2.63,71,1,3.9,3,No,High,Yes,No,Graduate,No,With_Family,36,7,92,1
Male,20,96.0,6.82,2.51,98,0,8.4,6,Yes,Medium,Yes,Yes,Secondary,No,Dorm,29,10,54,1
Female,22,71.8,9.39,3.98,87,1,10.5,0,Yes,High,Yes,No,Primary,Yes,Dorm,21,7,83,1
Female,19,95.3,6.98,2.91,70,2,5.7,5,No,High,Yes,Yes,Primary,No,Rent,18,7,62,1
Female,22,88.9,7.6,3.14,84,1,23.7,10,Yes,Medium,Yes,No,Graduate,No,Dorm,11,5,73,1
Female,20,77.7,5.87,2.38,77,0,13.4,7,No,Medium,Yes,No,Secondary,No,With_Family,17,8,42,1
Female,21,76.9,4.94,1.84,67,1,3.7,6,No,Low,Yes,No,Bachelor,No,Dorm,6,9,65,1
Male,24,82.2,6.08,2.38,127,1,3.7,6,Yes,Low,Yes,Yes,Primary,No,Rent,45,4,44,1
Male,21,90.5,10.0,3.98,91,1,5.5,5,No,Medium,Yes,No,Primary,No,With_Family,53,6,64,1
Female,23,84.8,7.95,3.35,45,2,19.8,9,No,Medium,No,Yes,Bachelor,No,With_Family,0,5,37,1
Male,18,71.9,7.41,3.05,84,0,14.1,8,Yes,Medium,Yes,No,Primary,No,With_Family,29,10,59,0
Female,20,77.9,5.54,2.03,123,1,20.3,6,No,Medium,Yes,Yes,Primary,No,With_Family,29,4,76,1
Male,21,100.0,8.37,3.51,81,1,9.0,7,Yes,Medium,Yes,Yes,Secondary,No,Dorm,28,8,68,1
Female,25,83.0,4.96,1.65,137,2,8.1,12,Yes,High,Yes,Yes,Bachelor,No,Rent,16,9,41,1
Female,18,90.4,4.65,1.8,79,1,4.8,5,No,Low,Yes,Yes,Secondary,No,Dorm,40,8,32,1
Male,21,86.5,6.16,2.24,113,2,10.7,7,Yes,Low,Yes,Yes,Primary,No,With_Family,31,7,67,1
Female,24,83.3,9.93,3.8,126,1,8.2,5,No,Medium,Yes,No,Graduate,No,With_Family,41,9,84,1
Female,19,81.3,9.85,4.0,111,1,8.0,3,Yes,High,Yes,Yes,Bachelor,No,Dorm,14,10,46,1
Female,21,90.8,6.32,2.23,66,0,20.2,4,No,High,Yes,No,Bachelor,No,Dorm,4,8,91,1
Male,22,88.6,5.99,2.23,76,1,8.4,5,Yes,High,No,Yes,Bachelor,No,Rent,32,4,60,1
Male,21,83.2,4.54,1.92,129,2,17.5,4,No,High,Yes,No,Bachelor,No,Dorm,11,10,31,1
Female,24,71.7,7.12,2.75,80,1,4.1,7,No,Medium,Yes,No,Secondary,No,With_Family,41,9,37,1
Male,22,84.6,7.24,2.93,124,0,34.5,4,No,Medium,Yes,Yes,Secondary,No,Dorm,0,8,72,1
Male,24,79.2,8.18,3.56,89,1,7.5,9,No,Low,Yes,No,Bachelor,No,With_Family,18,4,62,1
Female,20,76.3,8.37,3.48,104,0,12.8,10,No,Medium,Yes,No,Bachelor,No,Rent,16,7,82,1
Female,20,100.0,6.7,2.59,65,0,13.9,8,No,High,Yes,No,Graduate,No,Rent,20,6,42,1
Male,21,61.5,7.83,3.11,85,0,7.0,6,No,Medium,Yes,Yes,Secondary,Yes,Dorm,29,6,62,1
Male,19,91.5,5.95,2.49,78,1,13.6,9,No,Medium,Yes,Yes,Secondary,No,With_Family,31,8,60,1
Male,22,69.6,7.81,3.25,106,0,13.9,6,No,Low,Yes,No,Secondary,No,Rent,35,7,58,1
Male,20,81.6,6.24,2.5,102,2,6.3,13,No,Low,Yes,Yes,Bachelor,No,Rent,36,7,54,1
Female,20,100.0,7.69,3.15,112,1,6.3,9,Yes,Low,Yes,No,Secondary,No,Rent,22,9,55,1
Male,22,68.5,7.57,3.1,88,1,9.2,12,No,Low,Yes,Yes,Bachelor,No,With_Family,57,9,63,1
Male,19,71.3,7.1,2.82,77,1,8.5,2,No,High,Yes,No,Secondary,No,With_Family,46,7,65,1
Female,23,79.8,8.19,3.15,105,1,18.1,4,Yes,Medium,Yes,Yes,Primary,No,With_Family,20,7,64,1
Male,20,69.8,4.64,2.0,74,1,12.8,7,Yes,High,Yes,Yes,Secondary,No,Rent,23,7,78,1
Male,23,90.6,5.4,2.22,127,0,8.7,9,No,Medium,No,No,Bachelor,No,With_Family,20,8,42,1
Female,20,73.6,6.59,2.22,97,1,12.2,3,No,Low,Yes,No,Graduate,No,Dorm,30,9,33,1
Female,22,87.8,4.84,1.77,92,0,3.2,5,Yes,Low,Yes,No,Secondary,No,With_Family,10,6,75,1
Female,21,64.0,6.39,2.46,112,0,6.6,7,Yes,High,No,No,Secondary,Yes,Rent,13,11,46,1
Female,22,58.3,6.44,2.54,98,0,10.4,5,Yes,Low,No,Yes,Secondary,No,Rent,0,9,54,1
Male,21,77.3,8.96,3.82,59,0,15.7,3,No,High,Yes,Yes,Secondary,Yes,With_Family,19,3,51,1
Female,18,61.2,7.21,3.52,73,1,9.9,1,No,Low,Yes,Yes,Primary,Yes,With_Family,41,8,50,0
Female,23,98.2,8.54,2.92,126,1,18.7,4,No,Medium,Yes,Yes,Bachelor,No,Rent,23,10,38,1
Female,21,61.6,7.45,3.04,102,1,13.9,7,No,High,Yes,Yes,Graduate,No,Rent,24,9,51,0
Female,23,67.5,6.2,2.49,58,2,7.1,4,No,Low,Yes,No,Secondary,No,With_Family,29,7,70,0
Female,22,85.0,7.2,2.84,109,2,8.4,5,Yes,Low,Yes,Yes,Secondary,Yes,With_Family,10,8,60,1
Female,19,73.0,8.09,3.34,86,1,11.0,9,No,High,Yes,Yes,Primary,No,With_Family,25,8,68,1
Male,19,61.8,8.79,3.55,78,1,7.2,5,Yes,Low,Yes,Yes,Secondary,No,Dorm,38,10,53,1
Female,22,100.0,6.8,2.65,71,0,19.4,5,Yes,Medium,Yes,Yes,Secondary,Yes,Dorm,30,5,74,1
Male,20,68.0,4.53,1.82,125,1,5.2,3,No,Medium,Yes,Yes,Bachelor,Yes,With_Family,40,7,52,1
Female,23,77.6,4.42,1.88,51,4,10.5,1,No,Low,Yes,No,Primary,No,With_Family,44,11,28,0
Female,21,77.5,6.51,2.7,79,3,13.0,10,Yes,Medium,Yes,Yes,Bachelor,No,With_Family,35,8,65,1
Female,23,88.5,3.49,1.43,103,0,7.7,8,No,Medium,Yes,No,Secondary,No,With_Family,14,11,72,0
Female,22,85.5,9.69,3.76,139,0,6.9,5,No,Medium,Yes,No,Bachelor,Yes,Rent,20,12,52,1
Male,22,70.1,7.9,3.72,114,0,8.7,2,Yes,High,Yes,No,Bachelor,No,Rent,54,7,78,1
Female,20,76.1,6.05,2.49,79,1,13.5,6,Yes,Low,Yes,No,Secondary,Yes,With_Family,30,6,47,1
Female,21,77.3,5.34,2.29,138,1,7.0,10,Yes,Low,Yes,Yes,Secondary,No,Dorm,28,7,70,0
Male,23,89.0,8.54,3.31,66,4,5.3,7,No,Medium,Yes,Yes,Bachelor,No,With_Family,12,10,86,1
Male,21,66.0,5.33,2.17,107,0,16.0,5,No,High,Yes,Yes,Bachelor,No,With_Family,24,10,61,1
Male,22,100.0,5.47,2.22,112,1,11.0,5,No,Low,No,No,Primary,No,With_Family,36,12,57,1
Female,21,70.9,5.85,1.96,78,0,14.9,8,Yes,Low,Yes,No,Secondary,No,Dorm,25,8,58,0
Male,21,79.9,7.17,2.72,117,0,13.2,8,No,Medium,No,Yes,Secondary,No,With_Family,17,9,84,1
Female,24,66.1,7.93,3.02,87,2,26.8,9,No,High,Yes,Yes,Bachelor,Yes,Dorm,21,7,66,1
Male,23,64.4,8.79,3.4,117,1,15.7,9,No,Low,No,No,Bachelor,No,Dorm,43,3,92,0
Female,21,69.5,8.57,3.21,54,0,6.3,5,Yes,Medium,Yes,No,Primary,Yes,Rent,35,8,64,1
Male,21,68.4,7.0,2.81,108,0,11.4,2,No,Medium,Yes,No,Bachelor,No,Dorm,33,6,50,1
Female,20,75.0,8.53,3.69,90,0,6.8,5,No,Medium,Yes,No,Bachelor,No,With_Family,32,9,51,1
Male,21,68.3,5.99,2.42,129,1,7.2,8,Yes,Low,Yes,No,Bachelor,No,With_Family,7,4,61,1
Female,22,88.3,4.27,1.47,99,0,4.4,6,Yes,Low,Yes,No,Primary,No,Dorm,29,7,29,0
Female,23,70.6,5.99,2.19,131,0,7.8,6,Yes,Medium,Yes,Yes,Secondary,No,With_Family,41,9,53,1
Female,22,69.3,5.79,2.24,113,3,11.8,6,Yes,Medium,Yes,Yes,Secondary,No,Rent,21,9,53,1
Female,19,75.3,6.05,2.14,97,1,8.7,6,No,High,Yes,No,Primary,Yes,With_Family,40,8,64,1
Male,23,91.9,5.56,2.28,120,0,5.2,8,Yes,Medium,Yes,No,Secondary,No,With_Family,33,12,89,1
Male,21,82.6,6.31,2.79,120,1,4.2,7,Yes,Medium,Yes,Yes,Primary,No,Rent,37,11,61,1
Male,19,78.8,7.93,3.06,112,1,25.9,9,No,High,Yes,No,Primary,No,Dorm,26,7,31,1
Male,24,62.8,9.57,3.84,43,0,10.6,4,Yes,Medium,Yes,Yes,Bachelor,No,Dorm,38,11,46,1
Female,24,66.3,4.41,1.68,75,1,6.0,5,Yes,Medium,Yes,No,Secondary,Yes,Rent,3,12,64,1
Female,22,64.7,5.07,1.9,135,0,11.3,9,No,High,Yes,Yes,Bachelor,No,With_Family,25,8,61,1
Female,22,95.7,5.81,2.36,69,2,26.9,7,Yes,Low,Yes,No,Primary,No,Rent,36,8,84,1
Female,23,86.4,8.15,3.13,122,0,12.3,8,Yes,Medium,Yes,Yes,Secondary,No,Rent,29,8,74,1
Female,24,69.7,6.69,2.51,118,0,2.2,4,Yes,Medium,Yes,Yes,Secondary,Yes,Dorm,41,7,74,1
Female,22,73.2,5.91,2.04,82,0,33.9,3,Yes,Low,Yes,Yes,Bachelor,No,With_Family,23,7,57,1
Male,18,70.1,8.08,3.24,50,0,3.6,1,No,Medium,Yes,No,Bachelor,No,Dorm,17,11,76,1
Male,25,69.4,8.43,3.59,86,0,8.1,3,Yes,Low,Yes,Yes,Secondary,No,With_Family,0,9,47,1
Female,23,85.5,6.97,2.93,152,3,5.1,11,Yes,Low,Yes,Yes,Bachelor,No,With_Family,21,7,75,1
Female,20,76.5,5.78,2.61,78,3,6.2,3,No,Medium,Yes,No,Secondary,Yes,Dorm,33,6,56,1
Male,19,100.0,7.41,2.83,80,2,10.4,5,No,Low,Yes,Yes,Secondary,Yes,Dorm,36,6,38,1
Male,22,95.0,6.65,2.83,75,0,3.2,3,Yes,Medium,Yes,Yes,Primary,Yes,Rent,4,8,69,1
Female,20,95.7,6.64,2.44,130,0,8.6,8,Yes,High,Yes,Yes,Secondary,No,Dorm,43,10,81,1
Male,22,88.1,6.23,2.63,94,1,16.0,8,No,High,Yes,No,Primary,No,With_Family,10,6,54,1
Male,22,74.9,8.39,3.68,84,0,5.9,5,No,Low,No,Yes,Bachelor,No,With_Family,23,10,83,1
Female,20,87.2,7.37,3.05,135,0,4.5,8,No,Low,Yes,Yes,Secondary,No,Dorm,16,8,35,1
Female,19,75.8,8.55,3.75,114,0,8.4,0,Yes,Low,Yes,Yes,Secondary,No,Rent,31,8,42,1
Male,22,99.6,9.0,3.48,77,1,7.6,8,Yes,Low,Yes,Yes,Secondary,No,Dorm,26,10,58,1
Female,20,84.9,7.69,3.05,69,0,6.7,9,No,High,Yes,Yes,Secondary,No,Dorm,35,10,54,1
Male,21,83.1,6.24,2.31,129,1,5.0,5,No,Medium,No,Yes,Secondary,No,With_Family,53,5,50,1
Female,18,81.5,8.56,3.43,100,2,11.7,7,No,Low,Yes,Yes,Graduate,No,With_Family,31,6,62,1
Male,20,100.0,7.7,3.13,61,1,12.1,6,Yes,High,Yes,Yes,Bachelor,No,With_Family,16,8,52,1
Female,22,62.8,10.0,4.0,55,3,5.3,5,No,Medium,Yes,No,Primary,No,Dorm,32,9,55,1
Male,22,100.0,7.47,2.89,72,3,5.7,7,Yes,Low,Yes,Yes,Bachelor,No,Rent,54,11,64,1
Male,19,77.8,8.05,3.12,69,1,9.6,5,No,Low,Yes,Yes,Secondary,No,Rent,35,8,50,0
Female,19,63.1,7.44,3.05,49,0,5.6,3,No,Medium,Yes,No,Primary,No,With_Family,39,11,58,1
Male,21,71.0,6.85,2.71,73,1,9.8,8,No,Medium,Yes,No,Secondary,Yes,With_Family,1,7,50,1
Male,22,60.2,6.61,2.41,77,0,18.8,5,Yes,Low,Yes,No,Primary,No,With_Family,31,7,42,1
Male,22,87.8,7.44,2.6,88,3,8.7,7,No,High,Yes,Yes,Secondary,No,Dorm,21,7,71,1
Female,20,67.5,7.78,2.99,142,2,4.9,7,No,High,Yes,Yes,Bachelor,No,Rent,15,6,86,1
Female,22,82.0,8.73,3.22,93,0,10.9,7,No,High,Yes,Yes,Secondary,No,With_Family,25,10,76,1
Female,24,93.6,7.46,2.82,96,1,8.2,3,Yes,Low,Yes,Yes,Bachelor,No,Rent,27,2,65,1
Male,21,71.9,6.31,2.44,113,1,8.3,9,No,Low,Yes,Yes,Bachelor,No,Rent,16,7,50,1
Male,18,76.8,6.51,2.57,94,0,11.4,4,Yes,High,Yes,No,Bachelor,No,Rent,28,10,56,1
Male,21,64.4,5.02,1.87,110,0,12.7,3,Yes,Medium,Yes,Yes,Bachelor,No,With_Family,22,7,76,1
Female,25,75.3,9.49,4.0,107,1,9.2,6,Yes,Medium,Yes,No,Bachelor,No,Dorm,36,10,26,1
Female,18,100.0,6.19,2.22,103,1,8.7,11,Yes,Medium,Yes,Yes,Secondary,No,With_Family,28,12,55,1
Female,21,89.3,8.45,3.62,160,1,25.3,4,Yes,Low,Yes,Yes,Secondary,No,Rent,31,8,71,1
Female,21,76.8,7.41,2.93,123,1,16.4,3,No,Medium,Yes,No,Secondary,No,Rent,40,10,43,1
Male,21,72.7,7.46,2.85,73,0,13.7,5,Yes,High,Yes,No,Graduate,Yes,Rent,33,12,66,1
Female,21,79.5,6.82,2.85,109,1,9.6,8,Yes,Medium,Yes,Yes,Primary,No,Dorm,25,9,66,1
Male,23,81.6,5.82,2.24,80,1,5.4,6,Yes,Medium,Yes,No,Secondary,No,With_Family,0,8,38,1
Male,21,75.0,5.55,2.06,111,0,15.8,5,Yes,High,Yes,Yes,Bachelor,Yes,With_Family,33,10,61,1
Male,24,86.4,9.59,4.0,66,0,9.7,6,No,Medium,Yes,Yes,Secondary,No,With_Family,11,10,51,1
Male,21,68.6,7.17,2.43,72,1,6.7,7,No,Medium,Yes,No,Bachelor,No,With_Family,24,8,66,1
Male,20,68.5,8.69,3.43,109,0,8.0,5,Yes,High,Yes,Yes,Secondary,No,With_Family,31,7,70,1
Male,20,84.4,9.08,3.67,125,1,5.6,11,No,Medium,Yes,Yes,Primary,No,Rent,45,11,66,1
Male,18,66.0,6.38,2.83,113,3,15.3,13,No,Low,Yes,Yes,Secondary,No,With_Family,53,7,61,0
Female,22,88.7,7.64,2.98,121,0,12.7,6,No,Low,Yes,Yes,Secondary,No,Dorm,11,10,64,1
Male,25,79.8,7.07,3.36,109,2,9.9,12,Yes,Low,Yes,Yes,Primary,No,With_Family,5,9,42,1
Male,22,58.1,5.26,2.26,104,3,8.8,6,Yes,Medium,Yes,Yes,Primary,No,Rent,30,12,60,0
Female,22,81.3,6.72,2.21,87,2,6.4,3,No,Medium,Yes,No,Primary,No,With_Family,29,6,48,1
Female,20,59.8,7.88,2.86,120,0,3.1,4,No,Medium,Yes,No,Bachelor,No,Rent,7,6,75,1
Female,21,88.3,6.25,2.55,126,0,4.4,8,No,Medium,Yes,Yes,Bachelor,No,Rent,25,10,70,1
Male,23,77.0,6.51,2.38,98,0,6.2,7,No,Medium,No,Yes,Secondary,No,Dorm,34,6,70,1
Female,25,100.0,6.74,2.81,97,0,5.8,4,Yes,High,Yes,No,Primary,Yes,Rent,7,8,86,1
Male,24,92.9,10.0,3.91,140,1,10.4,4,No,Low,Yes,Yes,Secondary,No,Rent,10,11,55,1
Male,23,67.3,4.25,1.46,99,1,13.5,4,No,Medium,No,Yes,Bachelor,No,Dorm,15,4,52,1
Female,21,55.8,7.75,2.91,102,1,8.4,6,Yes,Medium,Yes,No,Bachelor,No,Dorm,22,9,55,1
Female,21,70.9,6.62,2.82,112,1,18.2,7,No,Medium,Yes,Yes,Secondary,No,Rent,35,10,36,1
Female,19,65.3,6.04,2.01,98,1,6.1,5,No,Low,Yes,Yes,Primary,No,Dorm,20,8,37,0
Female,18,100.0,6.58,2.84,79,1,8.4,4,No,Medium,Yes,Yes,Graduate,Yes,With_Family,26,6,69,1
Female,19,79.9,8.0,3.41,109,1,8.8,9,No,High,Yes,Yes,Bachelor,No,Dorm,59,7,39,1
Male,21,91.2,8.09,3.17,99,0,15.5,6,No,Medium,Yes,Yes,Primary,No,Rent,11,6,44,1
Male,20,76.6,7.28,2.63,146,1,9.5,2,No,High,Yes,No,Bachelor,No,Dorm,15,8,58,1
Male,18,77.8,8.64,3.57,120,2,9.6,9,No,High,Yes,Yes,Primary,No,Rent,35,7,54,1
Male,21,79.6,8.9,3.46,85,0,3.9,7,Yes,Medium,Yes,No,Primary,No,Rent,40,7,73,1
Female,20,93.3,8.22,2.98,118,1,5.7,6,Yes,Medium,Yes,No,Bachelor,Yes,Rent,31,9,61,1
Male,19,83.7,6.18,2.85,108,0,15.6,9,Yes,Medium,Yes,Yes,Secondary,No,Rent,52,11,48,1
Female,20,67.3,7.74,2.92,133,1,3.2,6,Yes,High,Yes,Yes,Secondary,No,Rent,30,9,75,1
Female,20,99.5,7.75,2.81,87,0,17.6,4,Yes,Low,Yes,Yes,Graduate,No,Dorm,0,11,71,1
Female,20,76.5,5.78,2.37,105,1,11.6,8,No,Medium,Yes,No,Bachelor,No,Rent,26,11,39,1
Male,23,74.5,4.65,1.85,98,0,6.2,6,Yes,High,Yes,Yes,Primary,No,Rent,16,7,64,1
Male,18,46.0,3.97,1.89,101,2,5.9,7,Yes,Low,Yes,No,Bachelor,No,With_Family,46,9,49,1
Female,18,87.6,7.1,2.76,78,0,23.2,5,No,Medium,No,No,Bachelor,No,Rent,39,7,49,1
Female,21,81.2,7.45,2.91,114,1,18.2,5,Yes,Medium,Yes,No,Secondary,No,With_Family,1,5,88,1
Female,21,81.2,5.23,2.16,110,1,8.5,4,No,High,Yes,No,Graduate,No,Rent,45,9,62,1
Female,22,75.2,8.57,3.47,132,2,9.6,6,No,High,Yes,No,Bachelor,No,Dorm,39,6,57,1
Female,20,73.1,7.23,2.94,100,0,6.5,4,No,Medium,Yes,No,Primary,No,Dorm,20,9,61,1
Male,19,75.6,9.02,3.66,90,0,9.6,4,Yes,Medium,Yes,No,Primary,No,Dorm,24,5,73,1
Female,21,85.6,7.56,3.06,120,0,6.4,5,Yes,Medium,Yes,No,Bachelor,No,Rent,46,8,49,1
Male,20,87.7,5.4,2.08,80,1,8.7,8,No,Medium,No,No,Graduate,No,With_Family,0,5,52,1
Female,24,77.2,7.69,3.24,127,0,22.3,5,No,Medium,Yes,No,Primary,No,With_Family,32,9,70,1
Female,20,91.4,8.01,3.13,127,0,8.6,3,Yes,High,Yes,Yes,Primary,No,Rent,41,7,37,1
Male,21,79.1,6.18,2.63,131,2,5.3,4,No,Low,Yes,No,Bachelor,No,Dorm,24,7,75,1
Male,26,73.9,4.84,2.21,109,2,4.5,6,No,Low,Yes,Yes,Primary,No,With_Family,35,10,36,1
Male,21,82.4,7.15,2.72,88,1,9.6,7,Yes,Medium,Yes,No,Primary,No,Dorm,27,7,56,1
Female,22,63.7,5.5,2.68,103,0,6.2,8,No,Medium,Yes,Yes,Bachelor,Yes,Rent,13,8,36,1
Male,22,82.8,8.68,3.33,110,1,10.2,2,Yes,Medium,Yes,No,Bachelor,No,With_Family,13,8,44,1
Male,22,61.5,6.39,2.41,86,2,4.0,6,Yes,Low,Yes,No,Bachelor,No,Rent,36,9,79,0
Male,22,67.7,9.59,3.94,133,1,12.7,4,No,Medium,Yes,No,Bachelor,Yes,Dorm,15,10,76,1
Male,21,55.8,3.81,1.61,115,0,5.3,6,Yes,High,Yes,Yes,Secondary,No,Dorm,2,10,77,1
Male,21,77.9,7.2,2.89,78,1,9.2,9,No,Low,Yes,No,Graduate,No,Rent,27,7,38,1
Male,20,99.3,9.14,3.82,147,1,7.6,6,No,Medium,Yes,No,Secondary,No,Dorm,17,10,44,1
Male,22,78.6,5.66,2.31,102,1,21.3,3,Yes,High,Yes,No,Secondary,No,With_Family,7,6,65,1
Male,25,87.7,6.76,3.12,73,1,9.8,10,No,Low,Yes,No,Bachelor,No,Rent,26,7,71,1
Male,23,100.0,6.4,2.55,79,1,23.8,7,Yes,Medium,Yes,No,Bachelor,No,Dorm,37,8,48,1
Male,22,84.8,5.97,2.22,137,1,11.9,8,Yes,Low,Yes,No,Bachelor,No,Dorm,25,10,51,1
Male,23,70.8,7.37,2.84,146,0,18.4,10,No,High,Yes,Yes,Primary,Yes,With_Family,9,6,43,1
Female,19,72.5,5.06,2.12,125,1,8.1,8,No,Medium,Yes,No,Graduate,No,Rent,32,10,85,1
Male,20,80.0,6.83,2.83,133,2,10.7,10,No,High,Yes,Yes,Bachelor,Yes,With_Family,41,8,53,1
Male,23,72.4,7.77,3.15,130,0,16.6,6,Yes,Low,Yes,No,Bachelor,No,Rent,58,7,60,1
Male,24,73.3,6.68,2.5,114,0,14.1,7,Yes,Medium,Yes,No,Graduate,No,Dorm,47,10,61,1
Male,19,91.8,5.5,2.42,108,0,11.7,4,No,Medium,Yes,Yes,Secondary,No,Rent,10,6,77,1
Male,20,92.3,8.55,3.81,113,1,7.6,5,Yes,Low,Yes,Yes,Bachelor,No,Rent,38,12,46,1
Male,25,60.2,8.1,3.25,118,1,8.3,6,Yes,Low,Yes,Yes,Bachelor,No,Rent,29,8,78,1
Female,21,70.2,5.44,2.54,81,1,15.9,6,No,Low,Yes,No,Bachelor,Yes,With_Family,8,8,41,1
Male,25,74.4,5.06,2.2,118,0,17.6,3,Yes,High,Yes,Yes,Bachelor,Yes,With_Family,29,11,77,1
Male,21,87.2,5.57,2.67,136,2,6.7,4,Yes,Medium,Yes,Yes,Bachelor,Yes,With_Family,54,8,34,1
Male,21,93.7,7.82,3.22,95,2,6.2,4,Yes,Medium,Yes,No,Primary,Yes,Rent,43,10,58,1
Male,20,100.0,7.41,2.99,92,1,5.7,7,No,Medium,Yes,Yes,Primary,No,Rent,10,4,84,1
Male,23,74.4,8.19,3.44,112,1,13.6,3,No,Medium,Yes,No,Graduate,No,Rent,25,7,70,1
Female,24,75.0,6.51,2.52,84,0,5.7,9,No,Medium,Yes,Yes,Graduate,No,Dorm,32,9,66,1
Female,19,87.1,5.61,2.33,67,0,13.5,5,Yes,Medium,Yes,Yes,Graduate,No,With_Family,0,10,44,1
Male,20,71.8,8.38,3.62,129,2,11.8,8,Yes,Medium,Yes,Yes,Primary,Yes,With_Family,0,10,49,1
Male,23,78.3,6.17,2.63,89,0,6.9,10,No,Low,Yes,Yes,Secondary,No,Dorm,27,9,80,1
Male,21,75.0,7.28,2.91,100,0,19.7,4,Yes,High,Yes,Yes,Bachelor,No,With_Family,28,10,67,1
Male,20,48.5,4.68,1.91,85,0,4.3,4,No,High,Yes,No,Bachelor,No,With_Family,0,9,73,1
Female,23,81.5,6.15,2.61,132,1,20.6,8,No,Medium,Yes,Yes,Primary,No,Rent,31,4,61,1
Male,23,77.8,8.51,3.55,121,2,10.6,4,No,Medium,Yes,Yes,Bachelor,Yes,With_Family,41,11,56,1
Male,20,95.3,5.93,2.52,94,3,3.2,5,No,Low,Yes,Yes,Primary,No,Dorm,22,6,71,1
Female,21,80.1,8.22,3.36,71,0,19.9,5,No,High,Yes,Yes,Secondary,No,Dorm,26,9,64,1
Male,19,64.9,3.5,1.24,91,0,14.6,4,Yes,High,Yes,No,Secondary,No,Dorm,34,8,57,0
Male,19,76.9,6.16,2.33,114,1,7.3,8,No,High,Yes,Yes,Primary,No,Rent,32,8,39,0
Female,21,54.9,6.74,2.79,105,2,5.6,6,No,Medium,Yes,No,Primary,Yes,Rent,0,6,74,1
Male,21,65.5,9.61,4.0,103,0,4.1,8,No,Low,No,Yes,Graduate,No,With_Family,11,4,67,1
Male,19,87.6,5.25,2.24,105,1,30.1,5,No,Low,Yes,Yes,Bachelor,No,Dorm,19,6,51,1
Male,20,77.0,8.01,3.07,119,0,5.7,7,No,Low,Yes,Yes,Graduate,No,Dorm,12,10,78,1
Female,19,91.1,8.59,3.41,99,0,4.8,7,No,Low,Yes,Yes,Secondary,No,Rent,47,5,64,1
Male,22,56.4,5.92,2.13,111,2,10.3,10,Yes,Low,No,No,Secondary,No,Dorm,35,6,64,0
Male,18,77.1,6.44,2.3,75,1,4.0,9,No,High,Yes,Yes,Secondary,No,With_Family,8,9,73,1
Male,19,74.3,7.21,2.9,160,2,5.5,6,No,Low,Yes,Yes,Bachelor,No,Rent,22,6,70,1
Male,18,91.5,4.78,2.18,93,1,14.8,5,Yes,Low,Yes,No,Secondary,No,With_Family,42,7,64,1
Female,22,88.1,6.32,2.55,105,2,11.4,10,No,High,No,No,Bachelor,No,With_Family,15,8,57,1
Male,18,87.7,8.91,3.95,114,2,7.4,5,No,Medium,Yes,No,Bachelor,No,Dorm,38,9,90,1
Female,21,98.5,7.78,3.08,90,1,9.1,12,Yes,Medium,Yes,No,Bachelor,No,Dorm,46,6,49,1
Female,24,75.6,6.76,2.71,100,0,7.2,8,Yes,Medium,Yes,No,Secondary,No,Dorm,43,8,71,1
Female,24,96.0,7.17,2.67,100,2,8.7,9,No,High,Yes,No,Secondary,No,With_Family,28,9,59,1
Male,18,67.5,7.87,3.08,77,2,6.1,7,Yes,Medium,Yes,No,Secondary,No,With_Family,44,5,67,1
Female,22,67.0,8.16,3.03,111,1,6.7,1,Yes,Medium,Yes,Yes,Primary,No,Rent,17,8,79,1
Female,19,89.0,6.17,2.16,59,2,6.6,9,No,Medium,Yes,No,Bachelor,No,Dorm,62,7,55,1
Male,19,61.9,9.3,3.49,144,1,6.3,5,Yes,Medium,Yes,Yes,Secondary,No,With_Family,29,8,69,1
Female,21,86.9,8.97,3.61,120,0,15.2,7,Yes,Medium,Yes,No,Bachelor,No,Dorm,42,9,64,1
Female,23,81.2,8.02,3.06,116,1,13.2,4,No,Medium,Yes,No,Primary,No,With_Family,20,8,50,1
Male,22,92.9,5.74,2.2,57,2,5.6,9,Yes,Low,Yes,Yes,Graduate,No,With_Family,32,10,79,1
Female,20,79.3,5.47,2.27,80,2,5.0,5,No,Medium,Yes,No,Graduate,No,Dorm,33,10,71,1
Male,22,80.7,6.51,2.29,135,2,8.3,11,No,Low,Yes,No,Secondary,No,Rent,11,10,53,1
Female,18,86.1,7.09,2.85,160,0,26.4,6,No,Low,Yes,Yes,Bachelor,Yes,Dorm,11,9,77,1
Female,19,72.0,4.35,1.91,130,1,5.4,4,No,Low,Yes,Yes,Secondary,No,Rent,22,10,48,0
Male,19,71.5,7.74,3.28,126,2,8.3,4,No,High,Yes,No,Bachelor,No,With_Family,42,9,60,0
Female,21,85.7,8.93,3.68,113,2,9.4,3,Yes,Medium,Yes,No,Bachelor,No,With_Family,0,5,54,1
Male,21,79.6,7.86,3.13,79,2,8.5,11,No,Medium,Yes,Yes,Bachelor,No,With_Family,20,6,71,1
Female,21,75.1,5.99,2.27,125,2,7.2,0,Yes,High,No,Yes,Bachelor,No,Rent,45,8,53,1
Female,21,79.0,5.81,2.31,72,2,16.0,5,No,Low,Yes,No,Secondary,No,Dorm,7,8,71,1
Male,21,99.1,7.45,3.31,70,1,11.3,7,No,Medium,Yes,Yes,Bachelor,No,With_Family,44,9,69,1
Male,22,74.7,6.77,2.76,68,0,13.7,8,Yes,Medium,Yes,Yes,Bachelor,No,Rent,8,6,54,1
Male,21,74.3,7.66,3.04,124,0,12.1,8,Yes,Low,Yes,Yes,Primary,No,Dorm,11,12,87,1
Male,20,59.5,7.9,3.27,99,1,14.1,3,No,Medium,No,Yes,Primary,No,Rent,23,8,49,1
Male,22,79.5,8.64,3.47,103,0,19.9,9,Yes,High,Yes,No,Bachelor,No,Rent,53,8,39,1
Male,23,87.9,5.3,2.17,100,1,17.5,2,Yes,Low,Yes,No,Bachelor,No,With_Family,15,7,73,0
Male,20,90.0,7.33,2.88,72,0,28.8,7,Yes,Medium,Yes,No,Secondary,No,Dorm,0,6,28,1
Male,21,81.3,6.45,2.5,83,0,16.5,9,No,Low,Yes,No,Graduate,No,With_Family,4,8,82,1
Female,23,91.5,6.85,2.94,84,3,6.4,3,No,Medium,Yes,Yes,Bachelor,No,Rent,39,8,62,1
Female,19,88.8,8.3,2.93,65,1,13.7,10,No,Medium,Yes,Yes,Secondary,No,Dorm,5,8,39,1
Female,25,93.4,8.46,3.48,87,0,12.8,7,No,Medium,No,Yes,Secondary,No,Dorm,43,11,46,1
Male,18,91.8,9.1,3.54,73,0,23.5,14,Yes,Medium,Yes,Yes,Bachelor,No,With_Family,26,8,35,1
Female,20,98.8,7.64,2.67,114,1,5.5,8,Yes,Low,Yes,Yes,Bachelor,No,Rent,25,8,66,1
Female,19,78.0,6.83,2.54,117,0,11.9,3,No,Medium,Yes,Yes,Secondary,No,Rent,29,10,40,1
Male,25,64.1,6.62,2.64,68,2,6.4,3,No,Medium,Yes,Yes,Secondary,No,Dorm,13,8,68,1
Male,20,88.0,4.4,1.78,93,0,11.6,9,No,Medium,Yes,Yes,Bachelor,No,With_Family,27,9,55,1
Female,20,89.4,9.01,3.75,146,1,8.1,8,No,Low,Yes,No,Bachelor,No,With_Family,7,5,53,1
Male,20,98.8,6.52,2.77,75,2,11.4,5,No,Medium,Yes,No,Bachelor,No,Dorm,45,5,68,1
Male,21,95.4,7.76,2.79,111,0,4.4,5,No,Medium,Yes,No,Primary,No,With_Family,10,8,69,1
Female,20,100.0,8.02,3.28,103,2,13.4,4,No,Low,Yes,No,Bachelor,No,Dorm,32,8,77,1
Male,21,87.4,5.13,2.2,127,3,10.0,6,No,Low,Yes,No,Secondary,No,Dorm,9,6,50,1
Male,18,82.7,5.61,2.29,107,0,9.7,3,No,Medium,Yes,Yes,Primary,No,Rent,17,8,60,1
Female,21,63.4,9.32,3.83,89,2,23.9,14,No,Medium,Yes,No,Bachelor,No,With_Family,19,8,50,1
Female,21,83.7,7.44,2.59,102,0,7.4,8,No,Low,Yes,Yes,Bachelor,Yes,Dorm,70,7,62,1
Male,23,73.4,6.13,2.25,102,1,10.7,4,No,High,Yes,Yes,Secondary,No,Rent,25,7,48,1
Female,24,82.5,6.81,3.0,98,0,9.5,8,Yes,Medium,Yes,Yes,Bachelor,No,Dorm,13,8,54,1
Female,21,80.7,8.63,3.4,67,0,9.9,11,Yes,Medium,Yes,Yes,Secondary,No,Rent,18,6,54,1
Female,23,85.7,8.4,3.8,131,0,27.3,9,No,Medium,Yes,Yes,Secondary,No,With_Family,2,7,64,1
Female,19,78.8,4.8,1.66,127,1,9.3,5,No,Medium,Yes,No,Secondary,Yes,With_Family,23,9,60,1
Male,23,91.2,9.45,4.0,74,0,6.8,6,No,Medium,No,No,Secondary,No,Rent,53,8,68,1
Male,20,47.3,8.45,3.26,92,1,22.9,8,No,High,Yes,No,Bachelor,No,Rent,30,7,58,1
Female,19,82.3,6.77,2.88,94,1,7.7,4,Yes,Medium,Yes,No,Bachelor,No,Rent,39,6,51,1
Male,21,94.4,5.21,2.02,71,0,4.0,3,No,Medium,Yes,Yes,Bachelor,No,Dorm,11,6,63,1
Female,24,100.0,8.58,3.46,53,1,6.2,3,No,Medium,No,Yes,Primary,Yes,Dorm,22,8,46,1
Female,21,88.8,7.71,3.2,83,0,4.8,3,No,Medium,No,No,Secondary,No,With_Family,28,12,69,1
Male,24,100.0,4.81,1.8,91,0,3.7,8,No,Low,Yes,Yes,Primary,No,Dorm,14,9,56,1
Female,20,82.0,6.65,2.82,64,0,7.5,4,Yes,Medium,Yes,Yes,Bachelor,Yes,With_Family,31,5,63,1
Male,23,80.0,10.0,3.95,104,0,8.7,6,No,Medium,Yes,Yes,Secondary,No,Dorm,34,9,63,1
Female,20,86.4,7.02,2.84,129,0,16.2,6,No,High,Yes,No,Secondary,No,With_Family,33,6,84,1
Male,21,80.0,5.89,1.83,121,0,12.3,3,No,Medium,Yes,No,Bachelor,No,Dorm,23,8,66,1
Female,21,70.6,5.49,2.13,97,0,12.1,5,No,Medium,Yes,Yes,Bachelor,No,With_Family,41,7,61,1
Female,22,73.8,9.66,4.0,54,1,5.8,2,Yes,High,Yes,No,Secondary,No,With_Family,21,12,50,1
Male,22,66.7,8.27,3.45,118,0,14.0,5,No,Medium,Yes,Yes,Secondary,No,Dorm,20,6,72,1
Female,20,86.3,9.11,3.82,104,1,18.0,3,No,Low,Yes,Yes,Bachelor,No,With_Family,47,9,56,1
Female,23,80.1,7.37,2.96,111,1,11.0,7,Yes,Low,Yes,Yes,Secondary,No,Rent,8,7,37,1
Female,24,75.7,8.88,3.89,148,2,11.1,11,No,Low,Yes,Yes,Primary,No,Dorm,0,9,57,1
Female,20,73.2,5.73,2.35,79,0,4.8,7,Yes,Low,Yes,No,Bachelor,Yes,Dorm,12,9,63,1
Female,18,86.1,7.24,2.76,28,2,15.2,6,Yes,Medium,Yes,Yes,Secondary,No,With_Family,31,11,48,1
Male,22,89.4,7.43,3.14,74,1,21.9,6,Yes,Medium,Yes,No,Secondary,No,With_Family,44,9,58,1
Male,20,66.4,9.07,3.81,112,1,10.6,5,Yes,Medium,Yes,Yes,Primary,No,Dorm,15,7,59,1
Male,21,64.5,7.48,3.12,101,1,6.7,8,No,Low,Yes,No,Secondary,No,With_Family,52,12,59,1
Female,22,91.5,6.06,2.34,70,1,8.3,10,No,Medium,Yes,No,Secondary,No,Dorm,25,9,79,1
Female,20,63.5,7.1,2.9,65,4,7.3,9,Yes,Low,Yes,No,Secondary,No,Dorm,23,7,40,1
Male,20,86.6,4.49,2.07,91,1,7.5,10,No,High,Yes,No,Secondary,No,Rent,12,8,91,1
Male,21,99.4,3.52,1.5,69,2,12.4,8,Yes,Low,Yes,No,Secondary,No,Dorm,54,9,60,0
Female,24,99.4,8.25,3.0,113,1,10.3,12,Yes,Medium,Yes,Yes,Bachelor,Yes,Dorm,23,9,69,1
Male,21,88.9,6.44,2.45,90,2,14.9,6,Yes,Medium,Yes,No,Graduate,No,Rent,5,9,62,1
Female,19,88.5,6.61,2.51,84,1,10.8,8,No,Medium,Yes,No,Secondary,No,Dorm,62,10,34,1
Male,19,100.0,8.25,3.15,81,1,5.8,5,Yes,Medium,Yes,Yes,Primary,No,Dorm,31,10,44,1
Female,21,52.0,9.1,3.22,107,2,7.0,6,No,Medium,Yes,Yes,Bachelor,No,With_Family,37,6,52,0
Male,19,74.4,7.8,3.5,101,3,6.8,4,Yes,Low,Yes,Yes,Graduate,No,Rent,50,12,75,0
Male,18,90.2,9.89,3.78,105,0,8.2,4,No,High,Yes,Yes,Bachelor,No,With_Family,34,12,39,1
Female,22,76.0,7.75,2.94,105,1,22.1,5,No,Medium,Yes,Yes,Primary,No,Rent,40,10,47,1
Female,22,94.9,7.45,2.59,98,2,23.9,9,Yes,Medium,Yes,Yes,Secondary,No,Rent,26,8,62,1
Male,20,79.5,7.36,3.12,74,0,13.7,11,Yes,High,Yes,No,Primary,Yes,Dorm,36,8,67,1
Male,22,81.6,5.07,2.01,82,2,9.6,3,No,High,No,Yes,Bachelor,No,With_Family,24,7,67,1
Female,21,76.7,8.43,3.3,90,0,4.6,5,No,Low,Yes,No,Secondary,No,Dorm,25,8,45,1
Female,22,73.7,3.33,1.27,152,1,10.0,5,No,Low,Yes,Yes,Secondary,No,Dorm,27,4,36,1
Male,22,73.4,6.12,2.57,66,1,6.1,4,Yes,Low,Yes,No,Secondary,No,With_Family,19,11,68,1
Male,18,83.3,7.03,2.72,90,0,20.3,8,Yes,Low,Yes,Yes,Secondary,Yes,With_Family,33,10,81,0
Female,21,70.7,5.82,1.93,102,2,4.0,8,No,Medium,Yes,Yes,Bachelor,No,Rent,33,5,55,1
Female,22,91.4,6.32,2.27,92,1,10.9,7,No,High,Yes,Yes,Primary,No,Dorm,37,10,43,1
Female,20,87.8,9.76,3.64,127,0,5.8,2,Yes,High,Yes,No,Bachelor,Yes,Dorm,35,8,54,1
Female,21,93.2,8.66,3.52,92,2,9.0,6,No,Medium,Yes,Yes,Bachelor,No,Rent,55,8,66,1
Male,23,66.5,5.97,2.57,94,2,12.6,6,No,Medium,Yes,No,Bachelor,No,With_Family,41,9,57,0
Female,21,59.6,6.3,2.81,120,1,15.0,6,Yes,High,Yes,Yes,Secondary,No,Rent,22,5,81,1
Female,24,79.9,5.08,1.71,145,0,8.7,5,Yes,High,Yes,No,Bachelor,No,Dorm,32,8,74,1
Female,23,100.0,8.06,3.35,135,1,13.2,4,Yes,Low,Yes,Yes,Bachelor,Yes,Dorm,46,8,63,1
Male,21,95.2,6.63,2.53,97,2,6.5,9,No,Medium,No,No,Primary,No,Rent,11,8,31,1
Male,21,73.3,4.05,2.2,99,2,10.2,6,No,High,Yes,Yes,Primary,No,With_Family,55,5,50,1
Female,18,85.1,7.15,3.14,101,0,14.9,2,No,Medium,Yes,Yes,Bachelor,No,Dorm,13,9,52,1
Male,20,88.7,7.66,3.4,104,0,10.6,7,Yes,Medium,Yes,Yes,Secondary,No,Dorm,39,10,49,1
Female,18,63.6,8.44,3.54,79,1,6.9,3,No,High,Yes,Yes,Primary,No,Dorm,25,9,63,1
Male,21,96.4,6.89,2.83,123,1,7.8,6,No,High,Yes,Yes,Primary,No,Dorm,24,8,63,1
Female,21,78.0,6.44,2.5,105,1,15.0,5,No,High,Yes,No,Primary,No,Rent,5,12,35,1
Female,22,78.9,9.98,3.87,99,1,5.2,3,No,Medium,Yes,Yes,Secondary,No,Dorm,39,6,72,1
Male,24,80.3,7.01,2.64,68,1,5.6,6,Yes,Low,Yes,Yes,Bachelor,Yes,Rent,6,10,60,1
Male,21,93.7,8.08,3.36,102,1,12.2,5,No,Medium,Yes,No,Primary,No,With_Family,3,8,65,1
Female,26,70.9,6.19,2.79,53,1,7.2,9,Yes,Medium,Yes,Yes,Bachelor,No,With_Family,42,12,71,1
Female,21,59.5,8.03,3.14,85,1,4.4,4,Yes,Medium,Yes,Yes,Secondary,Yes,With_Family,52,9,48,1
Male,18,83.9,4.82,1.78,86,0,17.7,4,Yes,Medium,Yes,No,Secondary,Yes,Dorm,15,9,79,1
Female,20,55.5,6.31,2.23,107,0,5.2,9,No,Medium,Yes,No,Secondary,No,Dorm,40,9,58,1
Female,20,76.4,5.19,2.12,147,0,8.1,6,No,Medium,Yes,No,Bachelor,No,Dorm,37,6,83,0
Male,22,94.2,6.09,2.68,114,2,6.6,6,Yes,Medium,Yes,Yes,Graduate,No,With_Family,24,6,47,1
Male,19,86.9,8.88,3.81,136,2,7.8,4,No,Medium,Yes,No,Secondary,No,Dorm,45,7,82,1
Male,20,92.5,6.08,2.71,116,2,5.8,4,No,Medium,Yes,Yes,Primary,No,Rent,23,10,46,1
Male,21,87.4,8.08,3.32,128,1,12.9,6,Yes,Low,Yes,No,Secondary,No,Dorm,33,8,98,1
Male,20,100.0,9.28,3.73,146,3,9.5,8,No,Low,No,No,Primary,No,Dorm,6,8,46,1
Male,23,72.9,6.96,3.04,82,1,14.7,9,Yes,High,Yes,No,Bachelor,No,With_Family,7,11,76,1
Female,22,84.8,8.49,3.17,80,1,6.6,7,No,Medium,Yes,Yes,Primary,No,With_Family,43,4,55,1
Male,23,74.7,7.8,3.03,117,1,26.1,13,Yes,Low,Yes,Yes,Graduate,No,Rent,33,5,71,1
Female,20,91.5,7.17,3.21,100,0,3.5,6,Yes,Medium,No,No,Secondary,No,With_Family,23,3,59,1
Male,23,79.3,8.13,3.04,106,0,4.1,2,No,Medium,Yes,Yes,Secondary,Yes,Dorm,54,10,44,1
Male,18,100.0,9.76,3.9,94,0,21.6,4,Yes,Low,Yes,Yes,Bachelor,No,Dorm,53,8,20,1
Female,18,73.6,6.04,2.54,85,1,11.4,11,No,Medium,No,No,Primary,No,Rent,32,10,98,1
Female,19,96.9,5.56,2.24,141,3,10.7,7,No,Low,Yes,No,Bachelor,Yes,With_Family,3,8,61,1
Male,21,87.1,5.47,2.42,73,1,11.2,5,Yes,Medium,No,Yes,Primary,No,Rent,23,10,20,1
Male,23,79.6,8.49,3.7,117,0,12.0,6,No,Low,Yes,Yes,Bachelor,Yes,Dorm,13,8,65,1
Male,20,86.5,8.69,3.57,113,2,10.5,3,No,Low,Yes,Yes,Secondary,No,With_Family,26,9,70,1
Female,20,83.1,6.19,2.75,61,1,5.6,6,No,Low,Yes,Yes,Primary,No,Dorm,11,9,49,1
Male,21,84.3,3.8,1.33,79,1,13.5,8,No,Medium,Yes,Yes,Bachelor,No,Rent,7,9,49,1
Male,22,77.5,5.99,2.36,83,1,12.5,11,Yes,Low,No,No,Primary,No,Rent,0,11,60,1
Male,20,71.6,7.82,3.61,114,1,18.4,6,Yes,High,Yes,No,Primary,No,With_Family,28,5,78,1
Male,20,76.0,6.9,3.15,91,0,21.7,5,No,Low,No,Yes,Bachelor,No,With_Family,0,8,61,1
Female,18,59.8,7.27,2.65,98,0,10.6,3,No,Medium,Yes,Yes,Secondary,No,With_Family,20,8,82,1
Female,20,90.1,6.21,2.48,64,0,4.9,8,No,Medium,Yes,No,Bachelor,No,Dorm,35,8,77,1
Male,23,65.2,8.52,3.44,158,2,21.8,8,No,Medium,No,No,Bachelor,No,Rent,14,7,57,1
Male,21,77.4,7.51,3.09,102,2,5.4,8,Yes,Low,Yes,No,Bachelor,No,With_Family,9,7,36,1
Male,20,87.8,7.88,3.41,112,2,10.7,7,No,High,No,Yes,Secondary,No,Rent,24,11,57,1
Male,23,90.1,7.24,3.26,86,0,7.9,6,Yes,High,Yes,No,Primary,No,Rent,13,8,68,1
Female,20,58.7,7.79,3.12,84,0,7.3,9,Yes,Low,Yes,Yes,Graduate,No,With_Family,28,12,61,1
Female,24,78.9,7.69,3.3,148,2,13.2,6,No,Low,Yes,Yes,Primary,No,Dorm,10,9,70,1
Female,24,85.5,5.61,2.37,52,1,10.2,9,Yes,High,Yes,No,Secondary,No,Rent,23,7,73,1
Female,21,80.6,7.56,3.02,107,2,11.6,13,No,Medium,Yes,Yes,Secondary,No,With_Family,20,9,68,1
Female,18,96.1,8.19,2.94,70,1,6.0,9,Yes,Low,Yes,Yes,Secondary,No,With_Family,25,8,56,1
Female,26,70.1,8.73,3.7,90,0,8.2,3,No,Low,Yes,Yes,Secondary,No,With_Family,50,11,68,1
Male,22,55.4,7.62,3.17,84,0,6.1,3,No,Medium,Yes,Yes,Bachelor,No,With_Family,28,6,94,1
Male,20,89.7,5.55,2.3,75,1,8.1,4,No,Medium,Yes,Yes,Bachelor,No,Dorm,33,4,38,1
Male,23,73.6,5.78,2.12,101,1,8.5,5,No,Medium,Yes,No,Bachelor,No,With_Family,16,9,67,1
Female,22,58.9,6.35,2.93,36,1,22.6,5,No,High,Yes,Yes,Secondary,No,Rent,28,10,87,1
Male,24,78.1,7.28,2.94,92,1,7.9,9,Yes,Medium,No,Yes,Secondary,No,With_Family,21,9,42,1
Female,20,94.8,6.82,2.5,98,3,3.1,8,Yes,Medium,Yes,No,Primary,No,Rent,25,9,75,1
Female,22,64.8,5.31,1.86,66,3,18.1,7,Yes,Medium,Yes,Yes,Bachelor,No,With_Family,35,9,77,0
Female,19,100.0,5.31,2.26,138,0,11.3,4,No,Medium,Yes,No,Secondary,No,Rent,17,5,38,1
Male,22,69.9,3.85,1.68,85,1,8.4,8,No,Low,Yes,Yes,Secondary,No,With_Family,19,9,71,1
Male,21,81.0,2.32,0.84,94,0,7.2,8,Yes,Low,Yes,No,Primary,No,Dorm,18,11,56,0
Male,22,65.4,6.8,2.81,85,1,5.6,5,Yes,Medium,Yes,Yes,Bachelor,No,Dorm,17,8,59,1
Female,21,80.5,10.0,4.0,98,0,23.7,5,No,Medium,Yes,No,Bachelor,No,Rent,28,5,55,1
Female,20,78.4,9.7,3.91,133,2,9.2,7,No,Low,Yes,Yes,Bachelor,No,Dorm,20,7,80,1
Female,19,62.1,5.53,2.07,160,0,3.8,5,Yes,Medium,Yes,No,Primary,No,With_Family,47,9,58,1
Male,23,100.0,7.22,3.08,119,2,10.6,7,No,Medium,Yes,Yes,Graduate,No,Dorm,65,12,53,1
Male,24,74.1,4.8,2.09,127,1,16.4,7,No,Medium,Yes,No,Secondary,No,Rent,16,4,53,1
Male,20,74.1,5.03,2.13,143,1,9.7,4,No,Medium,Yes,Yes,Secondary,No,Dorm,29,9,55,0
Female,22,91.6,5.2,1.91,106,1,5.7,8,Yes,High,Yes,Yes,Secondary,No,Dorm,41,6,44,1
Female,22,100.0,6.66,2.4,139,2,5.5,6,No,Medium,Yes,Yes,Secondary,No,Rent,21,9,53,1
Male,21,93.5,6.73,2.71,120,1,5.7,4,Yes,Low,Yes,Yes,Secondary,No,Dorm,10,9,62,1
Female,18,65.6,7.38,3.14,104,2,19.3,10,Yes,Medium,Yes,Yes,Secondary,No,Dorm,51,8,66,1
Male,18,82.6,7.99,3.4,109,2,8.7,7,No,Medium,Yes,No,Secondary,No,Dorm,35,9,78,1
Female,19,57.4,6.49,2.71,54,1,3.9,6,No,Low,Yes,Yes,Bachelor,Yes,Dorm,30,10,64,1
Male,18,90.8,7.05,2.73,107,0,10.9,9,Yes,Low,Yes,Yes,Bachelor,No,Rent,47,8,53,1
Male,24,60.4,5.36,1.98,61,2,9.7,7,No,Low,No,Yes,Bachelor,No,Dorm,37,5,45,1
Female,22,70.4,4.98,1.99,59,1,7.2,3,Yes,Medium,Yes,Yes,Secondary,No,Rent,24,11,64,1
Male,21,80.0,4.75,1.9,105,1,5.4,9,No,Medium,Yes,Yes,Primary,No,With_Family,10,10,58,0
Male,18,85.3,7.97,3.41,72,1,5.3,3,No,Low,Yes,No,Bachelor,No,Rent,18,9,59,1
Male,18,76.9,6.49,2.5,100,0,15.5,1,No,High,Yes,Yes,Primary,No,Rent,43,7,64,1
Male,21,98.2,4.19,1.6,103,3,10.2,10,No,High,Yes,No,Secondary,No,Dorm,35,10,68,1
Female,25,88.7,6.91,3.17,105,1,11.4,9,No,Low,Yes,Yes,Primary,No,With_Family,22,12,64,1
Female,20,87.7,5.13,2.36,77,0,10.2,9,No,High,Yes,Yes,Bachelor,No,Rent,51,8,57,1
Female,23,65.2,9.49,3.62,122,2,10.6,2,No,Low,No,No,Secondary,No,Dorm,23,8,48,1
Male,20,100.0,6.13,2.75,98,3,7.1,9,No,High,Yes,Yes,Bachelor,No,With_Family,40,6,51,1
Female,21,70.4,8.02,2.98,111,4,8.1,11,Yes,High,Yes,Yes,Secondary,No,With_Family,28,7,73,1
Male,23,100.0,8.63,3.37,70,1,16.1,7,No,Low,Yes,No,Secondary,No,Rent,54,6,54,1
Male,20,100.0,5.57,2.16,96,0,18.3,6,Yes,Medium,Yes,No,Secondary,Yes,With_Family,36,8,40,1
Male,20,86.2,7.11,2.83,127,1,4.9,6,No,High,No,No,Primary,No,Dorm,26,7,77,1
Female,24,92.4,7.83,3.26,124,2,8.1,4,Yes,High,Yes,Yes,Secondary,No,With_Family,22,9,46,1
Female,21,43.0,7.17,2.89,80,2,13.7,1,Yes,High,Yes,No,Bachelor,No,With_Family,25,6,61,1
Female,23,77.7,7.54,3.14,86,0,23.1,5,No,Medium,Yes,No,Secondary,No,Rent,14,8,67,1
Male,20,93.2,5.01,1.92,75,2,21.9,12,Yes,Low,Yes,No,Primary,No,Dorm,4,6,60,1
Male,24,91.1,7.83,3.21,84,0,6.0,5,Yes,High,Yes,Yes,Bachelor,No,Dorm,30,8,23,1
Female,22,65.4,6.27,2.52,65,1,17.0,9,No,Medium,No,Yes,Secondary,No,With_Family,17,5,66,1
Female,22,76.5,7.52,2.73,97,1,9.3,6,Yes,Medium,Yes,Yes,Primary,No,Dorm,17,8,80,1
Male,21,49.6,8.38,3.45,116,4,15.2,9,Yes,Medium,No,Yes,Primary,No,Dorm,24,7,72,1
Male,20,85.0,8.0,3.22,80,3,13.3,10,No,Medium,Yes,No,Secondary,No,With_Family,26,8,28,1
Male,21,57.4,7.52,2.87,98,0,4.8,7,Yes,Low,Yes,Yes,Secondary,No,With_Family,25,5,92,0
Female,20,93.6,7.96,3.1,94,2,11.8,6,Yes,Medium,Yes,Yes,Bachelor,Yes,Dorm,51,9,40,1
Male,23,94.2,8.03,3.13,126,1,14.9,3,Yes,Low,Yes,Yes,Secondary,No,With_Family,35,7,44,1
Female,21,74.3,9.24,3.65,85,1,8.9,5,Yes,Medium,Yes,Yes,Bachelor,No,Rent,57,8,72,1
Male,18,86.3,6.95,3.13,86,1,8.0,8,Yes,High,Yes,Yes,Secondary,No,With_Family,18,4,67,1
Female,18,77.4,7.25,3.32,79,0,4.1,2,Yes,Medium,Yes,Yes,Bachelor,No,Dorm,37,6,61,1
Male,18,82.9,8.4,2.81,72,1,12.7,7,No,Medium,Yes,Yes,Bachelor,No,Dorm,19,7,51,1
Male,22,66.2,6.26,2.6,113,1,10.0,2,No,Medium,Yes,No,Secondary,No,Rent,17,11,80,1
Male,19,87.5,5.0,2.19,97,2,5.7,9,Yes,High,Yes,Yes,Primary,No,Dorm,57,9,59,0
Male,22,60.3,7.74,3.05,101,0,7.6,5,Yes,Medium,Yes,Yes,Secondary,No,Rent,13,8,37,1
Female,21,58.0,6.69,2.86,132,5,9.7,7,No,Medium,No,Yes,Graduate,No,Dorm,0,6,78,1
Male,21,78.5,5.19,2.41,133,3,6.8,2,No,Low,Yes,Yes,Graduate,No,With_Family,14,6,63,1
Female,22,77.5,7.75,2.83,59,1,9.0,5,No,Low,Yes,Yes,Secondary,Yes,With_Family,0,9,77,1
Male,21,83.3,9.15,3.69,116,0,3.8,5,No,Medium,Yes,Yes,Bachelor,No,With_Family,11,9,69,1
Male,18,72.2,4.56,2.22,106,2,17.7,3,Yes,High,Yes,Yes,Secondary,No,With_Family,12,8,96,0
Female,20,100.0,8.53,3.16,88,1,9.1,4,No,Medium,Yes,Yes,Primary,No,With_Family,26,11,55,0
Male,22,81.9,3.19,1.25,108,1,5.2,3,No,Low,Yes,No,Bachelor,No,Rent,0,7,60,1
Female,24,82.8,6.4,2.47,57,2,2.6,2,No,High,Yes,Yes,Secondary,No,Rent,43,8,71,1
Female,24,82.4,9.76,4.0,137,1,15.1,7,Yes,Medium,Yes,Yes,Secondary,No,With_Family,0,5,55,1
Female,18,92.0,6.51,2.84,113,1,11.9,4,Yes,High,Yes,No,Bachelor,No,With_Family,23,8,72,1
Male,20,86.9,7.13,2.88,78,1,10.0,7,Yes,Low,Yes,Yes,Secondary,No,With_Family,20,11,20,1
Male,18,85.3,8.14,3.26,85,2,13.9,5,Yes,Medium,Yes,Yes,Bachelor,No,With_Family,37,6,59,1
Female,24,88.8,4.43,1.43,57,1,13.8,5,Yes,High,Yes,Yes,Secondary,No,Dorm,30,10,58,1
Male,23,58.1,7.11,3.13,92,2,9.9,9,No,Low,Yes,Yes,Primary,No,With_Family,43,11,58,0
Male,22,58.6,7.1,2.77,88,2,7.9,6,Yes,Medium,Yes,Yes,Secondary,Yes,With_Family,20,7,47,0
Male,21,79.1,9.79,3.89,67,3,7.3,7,No,High,Yes,No,Graduate,Yes,With_Family,18,9,74,1
Female,24,77.6,5.15,2.25,119,0,11.1,8,Yes,Low,Yes,No,Secondary,Yes,With_Family,31,11,52,1
Female,23,87.0,6.43,2.61,132,3,18.1,7,Yes,Low,Yes,No,Primary,Yes,Rent,40,8,63,1
Female,23,80.2,5.61,2.44,99,0,8.5,6,No,Medium,Yes,Yes,Bachelor,No,With_Family,37,10,59,1
Female,22,87.0,5.45,2.3,92,1,18.8,9,No,Medium,Yes,Yes,Graduate,No,Dorm,30,4,68,1
Male,20,65.1,8.69,3.52,111,0,10.8,7,Yes,Low,Yes,Yes,Graduate,No,With_Family,28,9,81,1
Female,23,79.9,7.04,2.88,100,0,10.9,7,No,Medium,Yes,Yes,Secondary,No,Dorm,24,9,63,1
Male,23,63.9,6.17,2.24,73,0,30.0,5,Yes,Medium,Yes,Yes,Secondary,No,Dorm,31,5,73,1
Female,21,84.6,6.22,2.46,84,0,20.6,6,Yes,Low,Yes,Yes,Secondary,No,Dorm,56,6,62,0
Male,20,57.5,6.16,2.68,93,1,20.8,8,No,Medium,Yes,Yes,Bachelor,No,Rent,21,9,52,1
Female,23,84.2,6.29,2.34,106,1,6.0,3,Yes,High,No,Yes,Bachelor,No,Dorm,20,7,58,1
Male,24,62.4,5.1,1.9,100,3,26.9,6,No,Medium,Yes,Yes,Bachelor,No,With_Family,18,10,56,1
